{"licenses": [{"name": "", "id": 0, "url": ""}], "info": {"contributor": "", "date_created": "", "description": "", "url": "", "version": "", "year": ""}, "categories": [{"id": 1, "name": "cat", "supercategory": ""}], "images": [{"id": 1, "width": 3000, "height": 2000, "file_name": "96.jpg", "license": 0, "flickr_url": "", "coco_url": "", "date_captured": 0}, {"id": 2, "width": 1020, "height": 575, "file_name": "95.jpg", "license": 0, "flickr_url": "", "coco_url": "", "date_captured": 0}, {"id": 3, "width": 1040, "height": 500, "file_name": "94.jpg", "license": 0, "flickr_url": "", "coco_url": "", "date_captured": 0}, {"id": 4, "width": 1920, "height": 1080, "file_name": "93.jpg", "license": 0, "flickr_url": "", "coco_url": "", "date_captured": 0}, {"id": 5, "width": 800, "height": 533, "file_name": "92.jpg", "license": 0, "flickr_url": "", "coco_url": "", "date_captured": 0}, {"id": 6, "width": 1600, "height": 1067, "file_name": "91.jpg", "license": 0, "flickr_url": "", "coco_url": "", "date_captured": 0}, {"id": 7, "width": 300, "height": 200, "file_name": "90.jpg", "license": 0, "flickr_url": "", "coco_url": "", "date_captured": 0}, {"id": 8, "width": 976, "height": 549, "file_name": "9.jpg", "license": 0, "flickr_url": "", "coco_url": "", "date_captured": 0}, {"id": 9, "width": 1800, "height": 1200, "file_name": "89.jpg", "license": 0, "flickr_url": "", "coco_url": "", "date_captured": 0}, {"id": 10, "width": 1706, "height": 1706, "file_name": "88.jpg", "license": 0, "flickr_url": "", "coco_url": "", "date_captured": 0}, {"id": 11, "width": 1030, "height": 580, "file_name": "87.jpg", "license": 0, "flickr_url": "", "coco_url": "", "date_captured": 0}, {"id": 12, "width": 2559, "height": 1279, "file_name": "86.jpg", "license": 0, "flickr_url": "", "coco_url": "", "date_captured": 0}, {"id": 13, "width": 1600, "height": 1066, "file_name": "85.jpg", "license": 0, "flickr_url": "", "coco_url": "", "date_captured": 0}, {"id": 14, "width": 1400, "height": 580, "file_name": "84.jpg", "license": 0, "flickr_url": "", "coco_url": "", "date_captured": 0}, {"id": 15, "width": 1599, "height": 1199, "file_name": "83.jpg", "license": 0, "flickr_url": "", "coco_url": "", "date_captured": 0}, {"id": 16, "width": 2500, "height": 1875, "file_name": "82.jpeg", "license": 0, "flickr_url": "", "coco_url": "", "date_captured": 0}, {"id": 17, "width": 2491, "height": 1500, "file_name": "81.jpg", "license": 0, "flickr_url": "", "coco_url": "", "date_captured": 0}, {"id": 18, "width": 650, "height": 428, "file_name": "80.jpg", "license": 0, "flickr_url": "", "coco_url": "", "date_captured": 0}, {"id": 19, "width": 1295, "height": 643, "file_name": "8.png", "license": 0, "flickr_url": "", "coco_url": "", "date_captured": 0}, {"id": 20, "width": 1200, "height": 1200, "file_name": "79.jpg", "license": 0, "flickr_url": "", "coco_url": "", "date_captured": 0}, {"id": 21, "width": 1200, "height": 1200, "file_name": "78.jpg", "license": 0, "flickr_url": "", "coco_url": "", "date_captured": 0}, {"id": 22, "width": 1920, "height": 840, "file_name": "77.jpg", "license": 0, "flickr_url": "", "coco_url": "", "date_captured": 0}, {"id": 23, "width": 750, "height": 500, "file_name": "76.jpg", "license": 0, "flickr_url": "", "coco_url": "", "date_captured": 0}, {"id": 24, "width": 862, "height": 1149, "file_name": "75.jpg", "license": 0, "flickr_url": "", "coco_url": "", "date_captured": 0}, {"id": 25, "width": 5356, "height": 4016, "file_name": "74.jpg", "license": 0, "flickr_url": "", "coco_url": "", "date_captured": 0}, {"id": 26, "width": 480, "height": 480, "file_name": "73.jpeg", "license": 0, "flickr_url": "", "coco_url": "", "date_captured": 0}, {"id": 27, "width": 6000, "height": 4000, "file_name": "72.jpg", "license": 0, "flickr_url": "", "coco_url": "", "date_captured": 0}, {"id": 28, "width": 4500, "height": 3587, "file_name": "71.jpg", "license": 0, "flickr_url": "", "coco_url": "", "date_captured": 0}, {"id": 29, "width": 768, "height": 552, "file_name": "70.jpg", "license": 0, "flickr_url": "", "coco_url": "", "date_captured": 0}, {"id": 30, "width": 992, "height": 558, "file_name": "7.jpg", "license": 0, "flickr_url": "", "coco_url": "", "date_captured": 0}, {"id": 31, "width": 1200, "height": 1201, "file_name": "69.jpg", "license": 0, "flickr_url": "", "coco_url": "", "date_captured": 0}, {"id": 32, "width": 768, "height": 461, "file_name": "68.jpg", "license": 0, "flickr_url": "", "coco_url": "", "date_captured": 0}, {"id": 33, "width": 3072, "height": 2048, "file_name": "67.jpg", "license": 0, "flickr_url": "", "coco_url": "", "date_captured": 0}, {"id": 34, "width": 1040, "height": 500, "file_name": "66.jpg", "license": 0, "flickr_url": "", "coco_url": "", "date_captured": 0}, {"id": 35, "width": 1200, "height": 630, "file_name": "65.jpg", "license": 0, "flickr_url": "", "coco_url": "", "date_captured": 0}, {"id": 36, "width": 1240, "height": 698, "file_name": "64.jpg", "license": 0, "flickr_url": "", "coco_url": "", "date_captured": 0}, {"id": 37, "width": 2048, "height": 1152, "file_name": "63.jpg", "license": 0, "flickr_url": "", "coco_url": "", "date_captured": 0}, {"id": 38, "width": 750, "height": 1040, "file_name": "62.jpg", "license": 0, "flickr_url": "", "coco_url": "", "date_captured": 0}, {"id": 39, "width": 1200, "height": 600, "file_name": "61.png", "license": 0, "flickr_url": "", "coco_url": "", "date_captured": 0}, {"id": 40, "width": 1400, "height": 1400, "file_name": "60.jpg", "license": 0, "flickr_url": "", "coco_url": "", "date_captured": 0}, {"id": 41, "width": 1200, "height": 600, "file_name": "6.png", "license": 0, "flickr_url": "", "coco_url": "", "date_captured": 0}, {"id": 42, "width": 1866, "height": 1244, "file_name": "59.jpg", "license": 0, "flickr_url": "", "coco_url": "", "date_captured": 0}, {"id": 43, "width": 615, "height": 370, "file_name": "58.jpg", "license": 0, "flickr_url": "", "coco_url": "", "date_captured": 0}, {"id": 44, "width": 860, "height": 460, "file_name": "57.png", "license": 0, "flickr_url": "", "coco_url": "", "date_captured": 0}, {"id": 45, "width": 2000, "height": 1333, "file_name": "56.jpg", "license": 0, "flickr_url": "", "coco_url": "", "date_captured": 0}, {"id": 46, "width": 2038, "height": 1532, "file_name": "55.jpg", "license": 0, "flickr_url": "", "coco_url": "", "date_captured": 0}, {"id": 47, "width": 1199, "height": 653, "file_name": "54.jpg", "license": 0, "flickr_url": "", "coco_url": "", "date_captured": 0}, {"id": 48, "width": 1920, "height": 700, "file_name": "53.jpg", "license": 0, "flickr_url": "", "coco_url": "", "date_captured": 0}, {"id": 49, "width": 847, "height": 508, "file_name": "52.jpeg", "license": 0, "flickr_url": "", "coco_url": "", "date_captured": 0}, {"id": 50, "width": 600, "height": 360, "file_name": "51.jpg", "license": 0, "flickr_url": "", "coco_url": "", "date_captured": 0}, {"id": 51, "width": 2048, "height": 1152, "file_name": "50.jpg", "license": 0, "flickr_url": "", "coco_url": "", "date_captured": 0}, {"id": 52, "width": 1200, "height": 667, "file_name": "5.jpg", "license": 0, "flickr_url": "", "coco_url": "", "date_captured": 0}, {"id": 53, "width": 2048, "height": 1152, "file_name": "49.jpg", "license": 0, "flickr_url": "", "coco_url": "", "date_captured": 0}, {"id": 54, "width": 1733, "height": 1300, "file_name": "48.jpg", "license": 0, "flickr_url": "", "coco_url": "", "date_captured": 0}, {"id": 55, "width": 1776, "height": 1332, "file_name": "47.jpg", "license": 0, "flickr_url": "", "coco_url": "", "date_captured": 0}, {"id": 56, "width": 1024, "height": 512, "file_name": "46.jpg", "license": 0, "flickr_url": "", "coco_url": "", "date_captured": 0}, {"id": 57, "width": 1280, "height": 720, "file_name": "45.jpg", "license": 0, "flickr_url": "", "coco_url": "", "date_captured": 0}, {"id": 58, "width": 800, "height": 530, "file_name": "44.jpg", "license": 0, "flickr_url": "", "coco_url": "", "date_captured": 0}, {"id": 59, "width": 1920, "height": 1080, "file_name": "43.jpg", "license": 0, "flickr_url": "", "coco_url": "", "date_captured": 0}, {"id": 60, "width": 1600, "height": 1067, "file_name": "42.jpg", "license": 0, "flickr_url": "", "coco_url": "", "date_captured": 0}, {"id": 61, "width": 1240, "height": 698, "file_name": "41.jpg", "license": 0, "flickr_url": "", "coco_url": "", "date_captured": 0}, {"id": 62, "width": 1024, "height": 576, "file_name": "40.jpg", "license": 0, "flickr_url": "", "coco_url": "", "date_captured": 0}, {"id": 63, "width": 864, "height": 486, "file_name": "4.jpg", "license": 0, "flickr_url": "", "coco_url": "", "date_captured": 0}, {"id": 64, "width": 450, "height": 253, "file_name": "39.jpg", "license": 0, "flickr_url": "", "coco_url": "", "date_captured": 0}, {"id": 65, "width": 1024, "height": 682, "file_name": "38.jpg", "license": 0, "flickr_url": "", "coco_url": "", "date_captured": 0}, {"id": 66, "width": 3024, "height": 3024, "file_name": "37.jpg", "license": 0, "flickr_url": "", "coco_url": "", "date_captured": 0}, {"id": 67, "width": 1200, "height": 675, "file_name": "36.jpg", "license": 0, "flickr_url": "", "coco_url": "", "date_captured": 0}, {"id": 68, "width": 1240, "height": 698, "file_name": "35.jpg", "license": 0, "flickr_url": "", "coco_url": "", "date_captured": 0}, {"id": 69, "width": 1360, "height": 664, "file_name": "34.jpg", "license": 0, "flickr_url": "", "coco_url": "", "date_captured": 0}, {"id": 70, "width": 1068, "height": 712, "file_name": "33.jpg", "license": 0, "flickr_url": "", "coco_url": "", "date_captured": 0}, {"id": 71, "width": 2880, "height": 1615, "file_name": "32.jpg", "license": 0, "flickr_url": "", "coco_url": "", "date_captured": 0}, {"id": 72, "width": 1920, "height": 1080, "file_name": "31.jpg", "license": 0, "flickr_url": "", "coco_url": "", "date_captured": 0}, {"id": 73, "width": 1155, "height": 866, "file_name": "30.jpg", "license": 0, "flickr_url": "", "coco_url": "", "date_captured": 0}, {"id": 74, "width": 600, "height": 400, "file_name": "3.jpg", "license": 0, "flickr_url": "", "coco_url": "", "date_captured": 0}, {"id": 75, "width": 1800, "height": 1800, "file_name": "29.jpg", "license": 0, "flickr_url": "", "coco_url": "", "date_captured": 0}, {"id": 76, "width": 1000, "height": 667, "file_name": "28.jpg", "license": 0, "flickr_url": "", "coco_url": "", "date_captured": 0}, {"id": 77, "width": 1400, "height": 1024, "file_name": "27.jpg", "license": 0, "flickr_url": "", "coco_url": "", "date_captured": 0}, {"id": 78, "width": 1200, "height": 740, "file_name": "26.png", "license": 0, "flickr_url": "", "coco_url": "", "date_captured": 0}, {"id": 79, "width": 2121, "height": 1414, "file_name": "25.jpg", "license": 0, "flickr_url": "", "coco_url": "", "date_captured": 0}, {"id": 80, "width": 1200, "height": 800, "file_name": "24.jpg", "license": 0, "flickr_url": "", "coco_url": "", "date_captured": 0}, {"id": 81, "width": 1160, "height": 600, "file_name": "23.jpg", "license": 0, "flickr_url": "", "coco_url": "", "date_captured": 0}, {"id": 82, "width": 4005, "height": 2768, "file_name": "22.jpg", "license": 0, "flickr_url": "", "coco_url": "", "date_captured": 0}, {"id": 83, "width": 800, "height": 533, "file_name": "21.jpg", "license": 0, "flickr_url": "", "coco_url": "", "date_captured": 0}, {"id": 84, "width": 1200, "height": 900, "file_name": "20.jpg", "license": 0, "flickr_url": "", "coco_url": "", "date_captured": 0}, {"id": 85, "width": 2800, "height": 1575, "file_name": "2.jpg", "license": 0, "flickr_url": "", "coco_url": "", "date_captured": 0}, {"id": 86, "width": 3000, "height": 2000, "file_name": "19.jpeg", "license": 0, "flickr_url": "", "coco_url": "", "date_captured": 0}, {"id": 87, "width": 1532, "height": 1063, "file_name": "18.jpg", "license": 0, "flickr_url": "", "coco_url": "", "date_captured": 0}, {"id": 88, "width": 800, "height": 1020, "file_name": "17.jpg", "license": 0, "flickr_url": "", "coco_url": "", "date_captured": 0}, {"id": 89, "width": 2042, "height": 1250, "file_name": "16.jpg", "license": 0, "flickr_url": "", "coco_url": "", "date_captured": 0}, {"id": 90, "width": 4800, "height": 3200, "file_name": "15.jpg", "license": 0, "flickr_url": "", "coco_url": "", "date_captured": 0}, {"id": 91, "width": 600, "height": 300, "file_name": "14.jpg", "license": 0, "flickr_url": "", "coco_url": "", "date_captured": 0}, {"id": 92, "width": 700, "height": 394, "file_name": "13.jpg", "license": 0, "flickr_url": "", "coco_url": "", "date_captured": 0}, {"id": 93, "width": 1200, "height": 800, "file_name": "12.jpg", "license": 0, "flickr_url": "", "coco_url": "", "date_captured": 0}, {"id": 94, "width": 1050, "height": 549, "file_name": "11.jpg", "license": 0, "flickr_url": "", "coco_url": "", "date_captured": 0}, {"id": 95, "width": 900, "height": 675, "file_name": "10.jpg", "license": 0, "flickr_url": "", "coco_url": "", "date_captured": 0}, {"id": 96, "width": 460, "height": 259, "file_name": "1.jpg", "license": 0, "flickr_url": "", "coco_url": "", "date_captured": 0}, {"id": 97, "width": 1030, "height": 580, "file_name": "0.jpg", "license": 0, "flickr_url": "", "coco_url": "", "date_captured": 0}], "annotations": [{"id": 1, "image_id": 1, "category_id": 1, "segmentation": [[1334.92, 1152.2, 1260.41, 974.02, 1182.66, 812.03, 1166.46, 679.2, 1224.77, 656.52, 1438.6, 760.19, 1539.03, 831.47, 1678.34, 922.18, 1752.85, 876.83, 1824.13, 844.43, 1931.04, 880.06, 2005.55, 834.71, 2157.82, 708.36, 2280.93, 569.05, 2342.48, 530.17, 2423.48, 582.01, 2410.52, 734.28, 2391.08, 928.66, 2352.2, 1048.53, 2277.69, 1152.2, 2229.09, 1229.96, 2203.17, 1404.9, 2235.57, 1518.29, 2384.6, 1741.84, 2478.55, 1806.63, 2556.31, 1971.86, 1697.78, 1997.78, 1733.41, 1599.29, 1603.82, 1511.81, 1522.83, 1366.03, 1428.88, 1226.72, 1370.56, 1252.63]], "area": 1037157.0, "bbox": [1166.46, 530.17, 1389.85, 1467.61], "iscrowd": 0, "attributes": {"occluded": false}}, {"id": 2, "image_id": 2, "category_id": 1, "segmentation": [[400.92, 313.9, 462.6, 248.91, 459.3, 205.95, 467.01, 179.52, 471.42, 142.06, 473.62, 84.79, 468.11, 39.62, 486.84, 39.62, 545.22, 89.19, 592.58, 93.6, 624.53, 94.7, 660.88, 58.35, 668.59, 51.74, 681.81, 45.13, 690.62, 74.87, 679.6, 124.44, 688.41, 188.33, 704.94, 239.0, 733.58, 274.25, 758.91, 274.25, 789.75, 281.96, 825.0, 350.25, 821.7, 387.7, 825.0, 431.76, 772.13, 410.83, 689.52, 441.68, 676.3, 463.71, 664.18, 526.49, 645.46, 561.74, 615.71, 563.94, 594.79, 551.83, 588.18, 515.48, 588.18, 482.43, 610.21, 436.17, 550.73, 462.6, 536.41, 452.69, 533.1, 506.67, 538.61, 541.91, 509.97, 560.64, 486.84, 555.13, 467.01, 523.19, 475.82, 478.03, 458.2, 451.59, 444.98, 425.15, 416.34, 396.51, 409.73, 355.76]], "area": 126739.0, "bbox": [400.92, 39.62, 424.08, 524.32], "iscrowd": 0, "attributes": {"occluded": false}}, {"id": 3, "image_id": 3, "category_id": 1, "segmentation": [[176.37, 178.17, 176.37, 138.86, 171.88, 102.92, 168.51, 53.5, 187.6, 38.9, 247.13, 88.32, 271.84, 105.17, 316.76, 96.18, 350.45, 99.55, 385.27, 55.75, 425.7, 27.67, 431.32, 88.32, 434.69, 150.09, 432.44, 195.02, 441.43, 227.59, 394.25, 263.52, 356.07, 290.48, 304.41, 294.97, 242.63, 314.06, 195.46, 355.62, 190.97, 411.78, 233.65, 452.21, 279.7, 419.64, 312.27, 401.67, 352.7, 381.45, 421.21, 381.45, 472.87, 336.53, 526.78, 293.85, 567.21, 263.52, 664.92, 238.82, 727.82, 272.51, 785.1, 282.62, 834.51, 307.33, 877.19, 333.16, 923.24, 371.34, 977.15, 428.62, 996.24, 483.65, 978.27, 494.89, 447.04, 475.79, 416.72, 496.01, 24.75, 492.64, 119.09, 453.33, 183.11, 384.82, 176.37, 336.53, 199.96, 270.26, 190.97, 245.56, 178.62, 207.37]], "area": 185541.0, "bbox": [24.75, 27.67, 971.49, 468.34], "iscrowd": 0, "attributes": {"occluded": false}}, {"id": 4, "image_id": 4, "category_id": 1, "segmentation": [[286.1, 573.3, 323.41, 523.5, 468.55, 482.03, 640.65, 376.29, 752.61, 355.55, 922.63, 278.83, 1001.43, 299.57, 1084.36, 218.7, 1084.36, 218.7, 1129.98, 168.94, 1165.23, 154.43, 1202.55, 187.6, 1196.33, 266.39, 1331.1, 260.17, 1463.8, 285.05, 1579.91, 367.99, 1718.83, 450.93, 1760.3, 531.79, 1828.73, 631.32, 1903.37, 710.11, 1903.37, 824.15, 1426.48, 844.88, 1368.42, 917.45, 1212.92, 923.67, 1103.02, 946.48, 941.3, 940.26, 773.35, 971.36, 570.15, 940.26, 456.11, 880.13, 290.24, 871.84, 176.2, 880.13, 70.45, 846.95, 4.1, 851.1, 8.25, 662.42, 225.96, 627.17]], "area": 916702.0, "bbox": [4.1, 154.43, 1899.27, 816.93], "iscrowd": 0, "attributes": {"occluded": false}}, {"id": 5, "image_id": 5, "category_id": 1, "segmentation": [[367.21, 131.71, 370.58, 76.41, 375.77, 12.48, 382.76, 2.12, 413.87, 7.3, 441.51, 48.77, 482.98, 94.56, 514.08, 103.2, 577.06, 129.11, 629.85, 145.53, 667.78, 131.71, 696.29, 118.75, 713.56, 104.06, 745.53, 91.1, 744.67, 112.7, 720.56, 157.62, 723.93, 199.09, 708.38, 223.28, 684.28, 280.3, 679.96, 317.45, 654.04, 345.1, 642.81, 358.92, 690.32, 432.35, 679.96, 462.59, 672.18, 500.6, 628.9, 521.34, 564.1, 519.61, 527.82, 474.69, 480.39, 469.5, 419.05, 452.22, 387.0, 457.41, 367.21, 486.78, 278.14, 483.33, 233.3, 468.64, 210.76, 459.14, 192.61, 409.03, 149.42, 377.06, 100.17, 344.23, 7.82, 340.78, 0.0, 245.75, 2.63, 142.94, 9.46, 100.6, 106.31, 100.6, 162.38, 110.11, 298.1, 103.2]], "area": 239831.0, "bbox": [0.0, 2.12, 745.53, 519.22], "iscrowd": 0, "attributes": {"occluded": false}}, {"id": 6, "image_id": 6, "category_id": 1, "segmentation": [[924.36, 257.06, 1140.35, 326.18, 1250.93, 346.91, 1323.5, 422.94, 1378.79, 447.13, 1447.9, 448.86, 1504.92, 469.59, 1461.73, 564.62, 1390.89, 633.74, 1408.16, 709.76, 1494.56, 830.71, 1485.92, 870.45, 1221.56, 854.9, 1071.23, 894.64, 784.41, 865.27, 585.7, 896.37, 440.56, 790.97, 177.93, 889.46, 86.35, 894.64, 8.6, 872.18, 3.41, 683.84, 10.32, 84.28, 205.57, 30.71, 414.64, 106.74, 545.96, 20.35, 703.2, 120.56, 813.78, 75.64, 900.17, 219.05]], "area": 992111.0, "bbox": [3.41, 20.35, 1501.51, 876.02], "iscrowd": 0, "attributes": {"occluded": false}}, {"id": 7, "image_id": 7, "category_id": 1, "segmentation": [[78.07, 93.84, 95.56, 55.62, 99.77, 18.03, 104.96, 10.26, 125.69, 25.81, 131.85, 29.7, 149.02, 30.67, 158.41, 31.97, 168.78, 34.56, 176.56, 37.15, 187.89, 28.4, 197.94, 22.89, 203.77, 27.11, 206.68, 37.8, 204.74, 49.14, 204.74, 62.1, 200.21, 63.71, 203.12, 77.32, 203.12, 90.93, 205.71, 93.2, 205.71, 101.3, 208.3, 111.99, 213.81, 122.35, 211.87, 137.26, 206.36, 150.22, 204.74, 160.26, 200.53, 173.87, 191.46, 187.8, 187.57, 197.52, 145.78, 197.52, 98.48, 196.22, 85.19, 182.94, 65.76, 169.98, 55.39, 140.82, 64.46, 106.48]], "area": 21672.0, "bbox": [55.39, 10.26, 158.42, 187.26], "iscrowd": 0, "attributes": {"occluded": false}}, {"id": 8, "image_id": 8, "category_id": 1, "segmentation": [[298.27, 295.63, 305.64, 230.28, 318.29, 188.12, 294.05, 156.5, 263.48, 75.35, 241.35, 14.21, 281.4, 5.78, 346.75, 50.05, 370.99, 78.51, 455.31, 91.16, 506.96, 85.89, 576.52, 84.83, 622.9, 72.18, 671.38, 49.0, 696.68, 21.59, 720.92, 2.62, 794.7, 16.32, 752.54, 113.29, 725.13, 144.91, 727.24, 196.55, 725.13, 259.79, 731.46, 303.01, 662.95, 340.95, 611.3, 403.14, 593.38, 431.6, 563.87, 472.7, 518.55, 496.94, 458.47, 477.97, 414.2, 428.43, 347.8, 353.6, 347.8, 332.52]], "area": 153788.0, "bbox": [241.35, 2.62, 553.35, 494.32], "iscrowd": 0, "attributes": {"occluded": false}}, {"id": 9, "image_id": 9, "category_id": 1, "segmentation": [[635.72, 681.6, 684.32, 598.01, 692.1, 514.43, 666.83, 374.47, 664.88, 306.44, 624.06, 150.93, 622.12, 82.89, 653.22, 42.07, 705.7, 63.46, 830.11, 115.94, 870.93, 139.27, 1012.83, 135.38, 1129.46, 172.31, 1197.49, 108.16, 1265.53, 32.35, 1232.48, 160.65, 1298.57, 290.89, 1351.06, 376.41, 1362.72, 463.89, 1436.59, 483.33, 1526.0, 545.53, 1632.92, 599.96, 1732.05, 640.78, 1774.82, 693.26, 1786.48, 817.67, 1718.44, 998.44, 1667.9, 1023.71, 1459.91, 1039.27, 1310.24, 1070.37, 1137.24, 1099.52, 880.65, 1120.91, 616.29, 1148.12, 482.16, 1146.18, 355.81, 1159.78, 314.99, 1144.23, 291.66, 1136.46, 245.01, 1157.84, 155.59, 1167.56, 85.62, 1118.96, 72.01, 1087.86, 126.44, 1023.71, 190.58, 1008.16, 285.83, 963.46, 384.97, 926.52, 503.54, 860.43, 600.73, 800.17]], "area": 998734.0, "bbox": [72.01, 32.35, 1714.47, 1135.21], "iscrowd": 0, "attributes": {"occluded": false}}, {"id": 10, "image_id": 10, "category_id": 1, "segmentation": [[271.22, 810.93, 455.51, 573.98, 610.84, 416.02, 608.21, 237.0, 634.54, 118.52, 668.76, 81.67, 803.03, 268.59, 874.11, 337.04, 974.16, 281.75, 1095.26, 155.38, 1097.89, 136.95, 1121.59, 97.46, 1176.88, 252.79, 1208.47, 452.88, 1279.55, 645.07, 1221.63, 821.46, 1163.71, 995.22, 1108.43, 1140.02, 992.59, 1184.77, 837.26, 1142.65, 687.19, 1026.81, 379.16, 1082.1]], "area": 682089.0, "bbox": [271.22, 81.67, 1008.33, 1103.1], "iscrowd": 0, "attributes": {"occluded": false}}, {"id": 11, "image_id": 11, "category_id": 1, "segmentation": [[382.62, 221.01, 387.07, 198.76, 382.62, 173.18, 381.51, 149.82, 389.3, 122.01, 403.76, 118.67, 421.56, 150.93, 448.25, 176.51, 472.72, 172.06, 500.53, 159.83, 527.22, 153.15, 555.03, 142.03, 582.84, 159.83, 624.0, 135.36, 617.32, 194.31, 669.6, 216.56, 699.63, 263.27, 685.17, 307.77, 705.19, 353.37, 705.19, 388.96, 680.72, 427.9, 658.48, 471.28, 569.49, 476.84, 454.92, 466.83, 428.23, 464.6, 371.5, 432.34, 363.71, 386.74, 358.15, 341.13, 378.17, 317.78, 373.73, 287.74, 375.95, 243.25]], "area": 95652.0, "bbox": [358.15, 118.67, 347.04, 358.17], "iscrowd": 0, "attributes": {"occluded": false}}, {"id": 12, "image_id": 12, "category_id": 1, "segmentation": [[793.06, 697.44, 779.24, 465.31, 762.66, 390.69, 757.13, 258.04, 773.71, 175.14, 878.72, 293.97, 950.58, 293.97, 1044.53, 271.86, 1105.33, 340.95, 1113.62, 398.98, 1163.37, 454.25, 1240.74, 567.55, 1207.58, 614.53, 1155.07, 716.78, 1091.51, 821.8, 884.25, 885.36, 817.93, 796.93]], "area": 213313.0, "bbox": [757.13, 175.14, 483.61, 710.22], "iscrowd": 0, "attributes": {"occluded": false}}, {"id": 13, "image_id": 12, "category_id": 1, "segmentation": [[994.79, 197.25, 1138.49, 200.01, 1243.51, 122.63, 1262.85, 20.38, 1387.21, 12.09, 1445.24, 48.02, 1600.0, 147.5, 1677.38, 164.08, 1710.54, 329.89, 1732.65, 501.23, 1718.83, 622.82, 1624.87, 738.89, 1572.36, 791.4, 1345.76, 653.22, 1312.59, 584.14, 1240.74, 564.79, 1188.24, 437.67, 1144.02, 398.98, 1127.44, 321.6]], "area": 327358.0, "bbox": [994.79, 12.09, 737.86, 779.31], "iscrowd": 0, "attributes": {"occluded": false}}, {"id": 14, "image_id": 13, "category_id": 1, "segmentation": [[592.61, 519.18, 590.89, 387.86, 554.6, 296.29, 540.78, 209.89, 523.5, 158.06, 528.68, 97.58, 539.05, 76.85, 583.97, 71.66, 635.81, 121.77, 679.01, 180.52, 744.67, 240.99, 829.33, 239.27, 903.63, 234.08, 943.37, 209.89, 1010.76, 116.59, 1055.68, 73.39, 1088.51, 80.3, 1124.79, 121.77, 1138.62, 194.34, 1150.71, 266.91, 1126.52, 405.14, 1109.24, 462.16, 1090.24, 479.44, 1069.5, 567.56, 1040.13, 607.3, 1071.23, 643.59, 1097.15, 754.17, 1161.08, 868.21, 1161.08, 980.52, 1110.97, 1037.54, 1138.62, 1060.0, 542.51, 1054.82, 703.2, 674.69, 675.55, 643.59, 628.9, 600.39]], "area": 460206.0, "bbox": [523.5, 71.66, 637.58, 988.34], "iscrowd": 0, "attributes": {"occluded": false}}, {"id": 15, "image_id": 14, "category_id": 1, "segmentation": [[718.1, 88.86, 752.87, 63.15, 801.25, 5.7, 908.6, 8.73, 922.2, 85.83, 972.1, 93.39, 1026.52, 134.21, 1046.18, 205.27, 1061.3, 238.53, 1082.46, 249.11, 1130.84, 240.04, 1170.15, 253.65, 1189.81, 279.35, 1200.39, 305.05, 1197.37, 336.8, 1147.47, 394.25, 1096.07, 450.19, 1071.88, 474.38, 1100.6, 525.79, 1132.35, 539.4, 1062.81, 565.1, 987.21, 574.17, 820.91, 569.63, 734.73, 562.07, 683.33, 536.37, 603.2, 507.65, 507.95, 463.8, 396.07, 386.7, 340.13, 374.6, 261.51, 342.85, 193.48, 321.68, 126.95, 338.32, 86.13, 380.65, 34.73, 344.36, 102.76, 299.01, 125.44, 270.28, 284.19, 196.2, 397.58, 125.14, 530.63, 126.65, 662.16, 122.12]], "area": 356706.0, "bbox": [34.73, 5.7, 1165.66, 568.47], "iscrowd": 0, "attributes": {"occluded": false}}, {"id": 16, "image_id": 15, "category_id": 1, "segmentation": [[411.01, 779.03, 490.57, 747.58, 579.39, 717.97, 647.85, 693.92, 549.78, 669.87, 514.63, 599.55, 494.27, 527.39, 455.42, 464.48, 438.76, 334.96, 416.56, 301.65, 399.91, 244.3, 370.3, 155.48, 370.3, 107.37, 399.91, 62.97, 459.12, 62.97, 522.03, 120.32, 590.49, 101.82, 612.69, 99.97, 671.9, 24.11, 695.96, 14.86, 744.06, 11.16, 744.06, 88.87, 755.17, 140.68, 795.87, 175.83, 819.93, 210.99, 823.63, 259.1, 910.59, 257.25, 910.59, 257.25, 980.9, 235.04, 1073.42, 210.99, 1156.68, 210.99, 1252.9, 235.04, 1363.92, 238.74, 1465.68, 264.65, 1539.7, 262.8, 1591.51, 264.65, 1582.25, 714.27, 1269.55, 701.32, 1212.19, 762.38, 1249.2, 860.45, 1254.75, 932.61, 1219.59, 971.47, 1112.28, 943.71, 1064.17, 901.15, 1064.17, 845.65, 1064.17, 782.74, 1051.21, 779.03, 929.09, 823.44, 755.17, 838.24, 642.3, 882.65, 457.27, 880.8, 375.85, 869.7, 357.35, 806.79]], "area": 715984.0, "bbox": [357.35, 11.16, 1234.16, 960.31], "iscrowd": 0, "attributes": {"occluded": false}}, {"id": 17, "image_id": 16, "category_id": 1, "segmentation": [[552.79, 1160.43, 564.36, 1021.54, 648.28, 868.18, 674.32, 781.38, 694.57, 680.1, 691.68, 564.36, 729.29, 437.05, 761.12, 405.22, 853.72, 442.84, 923.16, 544.11, 981.03, 552.79, 1088.09, 544.11, 1166.22, 535.43, 1261.7, 465.98, 1365.87, 358.92, 1371.66, 463.09, 1357.19, 613.55, 1380.34, 706.15, 1461.35, 752.44, 1461.35, 897.12, 1458.46, 986.82, 1516.33, 1085.2, 1614.71, 1128.6, 1681.26, 1157.53, 1750.71, 1258.81, 1799.9, 1293.53, 1785.43, 1313.78, 1736.24, 1371.66, 1736.24, 1371.66, 1629.18, 1441.1, 1487.4, 1490.29, 1391.91, 1510.54, 1258.81, 1553.95, 1024.43, 1525.01, 926.05, 1539.48, 703.25, 1461.35, 619.34, 1383.23]], "area": 926906.0, "bbox": [552.79, 358.92, 1247.11, 1195.03], "iscrowd": 0, "attributes": {"occluded": false}}, {"id": 18, "image_id": 17, "category_id": 1, "segmentation": [[1638.26, 825.32, 1603.29, 739.24, 1571.01, 712.34, 1571.01, 658.54, 1560.25, 591.29, 1544.11, 515.96, 1466.1, 354.56, 1479.55, 330.35, 1522.59, 365.32, 1565.63, 365.32, 1651.71, 330.35, 1721.65, 311.52, 1783.52, 308.83, 1845.39, 287.31, 1850.77, 311.52, 1856.15, 330.35, 1885.75, 354.56, 1928.79, 405.67, 1942.24, 459.47, 1944.93, 507.89, 1947.62, 553.63, 1909.96, 620.88, 1920.72, 671.99, 1974.52, 768.83, 1971.83, 784.97, 1996.04, 860.29, 2068.67, 954.45, 2103.64, 1067.43, 2109.02, 1102.4, 2127.85, 1236.9, 2095.57, 1317.6, 2028.32, 1500.0, 1503.76, 1492.46, 1498.38, 1306.84, 1498.38, 1239.59, 1549.49, 1156.2, 1651.71, 1080.88, 1743.17, 981.35, 1745.86, 951.75, 1724.34, 871.05, 1681.3, 881.81]], "area": 516161.0, "bbox": [1466.1, 287.31, 661.75, 1212.69], "iscrowd": 0, "attributes": {"occluded": false}}, {"id": 19, "image_id": 18, "category_id": 1, "segmentation": [[6.29, 251.2, 49.81, 232.95, 67.36, 228.03, 87.72, 206.27, 99.65, 178.9, 112.99, 159.24, 110.88, 122.04, 99.65, 67.29, 138.26, 103.09, 175.46, 115.02, 209.15, 115.02, 244.25, 118.53, 274.43, 103.79, 306.72, 91.16, 313.74, 91.16, 306.72, 123.44, 294.79, 155.73, 287.07, 169.77, 292.68, 193.64, 298.3, 225.23, 296.9, 265.24, 277.94, 272.96, 290.58, 297.53, 272.33, 334.03, 261.8, 350.17, 308.13, 359.3, 335.5, 356.49, 353.75, 376.14, 349.54, 385.97, 324.27, 388.08, 294.79, 389.48, 248.46, 385.97, 217.58, 390.18, 176.86, 400.71, 178.97, 424.58, 139.66, 426.68, 110.18, 428.0, 75.08, 423.17, 75.08, 423.17, 35.77, 416.16, 9.8, 415.45, 4.18, 412.65]], "area": 76352.0, "bbox": [4.18, 67.29, 349.57, 360.71], "iscrowd": 0, "attributes": {"occluded": false}}, {"id": 20, "image_id": 19, "category_id": 1, "segmentation": [[190.14, 627.73, 262.87, 581.58, 279.65, 581.58, 302.02, 461.31, 356.56, 408.17, 415.3, 339.64, 444.67, 317.27, 509.0, 226.36, 507.6, 100.5, 527.18, 66.94, 576.13, 96.31, 612.49, 132.67, 623.67, 111.69, 660.04, 108.89, 683.81, 134.06, 722.97, 124.27, 760.73, 124.27, 791.49, 100.5, 841.84, 129.87, 886.59, 104.7, 932.74, 94.91, 950.92, 152.24, 939.73, 201.19, 932.74, 251.54, 994.27, 301.88, 1020.85, 396.98, 1046.02, 469.7, 1067.0, 541.02, 1104.75, 599.76, 1113.15, 640.32]], "area": 327153.0, "bbox": [190.14, 66.94, 923.01, 573.38], "iscrowd": 0, "attributes": {"occluded": false}}, {"id": 21, "image_id": 20, "category_id": 1, "segmentation": [[135.19, 448.15, 172.22, 370.37, 175.93, 301.85, 161.11, 157.41, 164.81, 75.93, 205.56, 35.19, 294.44, 96.3, 351.85, 170.37, 398.15, 205.56, 496.3, 218.52, 529.63, 209.26, 575.93, 205.56, 638.89, 187.04, 666.67, 192.59, 738.89, 129.63, 800.0, 83.33, 837.04, 61.11, 872.22, 46.3, 862.96, 159.26, 840.74, 275.93, 827.78, 375.93, 864.81, 424.07, 864.81, 500.0, 903.7, 562.96, 983.33, 640.74, 1055.56, 705.56, 1140.74, 783.33, 1196.3, 814.81, 1175.93, 937.04, 1116.67, 925.93, 1053.7, 951.85, 964.81, 1029.63, 927.78, 1098.15, 898.15, 1179.63, 692.59, 1194.44, 677.78, 1109.26, 655.56, 1053.7, 679.63, 981.48, 692.59, 920.37, 557.41, 925.93, 477.78, 877.78, 362.96, 909.26, 329.63, 918.52, 298.15, 783.33, 233.33, 724.07, 190.74, 672.22, 148.15, 592.59]], "area": 664786.0, "bbox": [135.19, 35.19, 1061.11, 1159.25], "iscrowd": 0, "attributes": {"occluded": false}}, {"id": 22, "image_id": 21, "category_id": 1, "segmentation": [[175.93, 325.93, 240.74, 231.48, 225.93, 59.26, 329.63, 131.48, 446.3, 125.93, 503.7, 140.74, 592.59, 112.96, 629.63, 140.74, 737.04, 74.07, 703.7, 181.48, 718.52, 248.15, 753.7, 340.74, 751.85, 450.0, 696.3, 546.3, 757.41, 570.37, 868.52, 618.52, 883.33, 696.3, 927.78, 824.07, 933.33, 924.07, 855.56, 968.52, 783.33, 990.74, 787.04, 1074.07, 600.0, 1125.93, 579.63, 1161.11, 409.26, 1175.93, 224.07, 1124.07, 224.07, 1096.3, 172.22, 1068.52, 146.3, 977.78, 168.52, 905.56, 162.96, 796.3, 203.7, 705.56, 209.26, 629.63, 233.33, 544.44, 242.59, 509.26, 181.48, 412.96]], "area": 619614.0, "bbox": [146.3, 59.26, 787.03, 1116.67], "iscrowd": 0, "attributes": {"occluded": false}}, {"id": 23, "image_id": 22, "category_id": 1, "segmentation": [[887.39, 594.2, 821.04, 461.5, 874.95, 372.35, 943.37, 293.56, 991.06, 241.72, 999.35, 71.7, 1065.7, 113.17, 1129.98, 156.71, 1225.36, 140.12, 1387.08, 146.34, 1490.76, 167.08, 1573.69, 79.99, 1611.02, 79.99, 1637.97, 165.0, 1621.38, 260.38, 1722.98, 484.31, 1764.45, 654.33, 1606.87, 760.08, 949.59, 758.0]], "area": 485221.0, "bbox": [821.04, 71.7, 943.41, 688.38], "iscrowd": 0, "attributes": {"occluded": false}}, {"id": 24, "image_id": 23, "category_id": 1, "segmentation": [[154.69, 239.49, 134.44, 152.82, 116.62, 108.28, 132.01, 51.58, 161.17, 0.56, 191.13, 2.18, 207.33, 16.75, 233.25, 42.67, 255.12, 79.93, 301.29, 129.34, 349.88, 124.48, 390.38, 71.83, 425.21, 28.09, 444.64, 2.18, 472.18, 46.72, 469.75, 107.47, 472.99, 145.53, 511.87, 186.84, 536.98, 215.19, 515.92, 230.58, 538.6, 250.83, 538.6, 289.7, 537.79, 318.86, 544.27, 341.54, 551.56, 367.46, 541.03, 382.04, 562.89, 412.81, 560.46, 466.27, 560.46, 500.0, 4.04, 498.67, 149.02, 365.03, 152.26, 271.07]], "area": 177325.0, "bbox": [4.04, 0.56, 558.85, 499.44], "iscrowd": 0, "attributes": {"occluded": false}}, {"id": 25, "image_id": 24, "category_id": 1, "segmentation": [[230.6, 531.86, 214.64, 450.47, 166.76, 397.27, 234.14, 367.13, 336.99, 315.53, 427.42, 304.89, 530.26, 301.52, 613.6, 338.58, 705.8, 335.04, 762.54, 377.59, 808.64, 450.47, 847.65, 469.8, 861.84, 547.81, 860.07, 758.82, 773.18, 767.86, 803.33, 694.99, 714.67, 733.99, 695.16, 764.14, 675.66, 767.86, 645.51, 829.74, 519.62, 817.33, 544.45, 737.72, 439.83, 757.05, 413.23, 760.59, 404.37, 781.87, 338.76, 790.74, 258.97, 773.0, 264.29, 758.82, 296.2, 732.4, 312.16, 686.12, 324.58, 634.7, 267.83, 576.36]], "area": 259411.0, "bbox": [166.76, 301.52, 695.08, 528.22], "iscrowd": 0, "attributes": {"occluded": false}}, {"id": 26, "image_id": 25, "category_id": 1, "segmentation": [[2905.75, 563.09, 2713.63, 1189.04, 2230.22, 1306.79, 1895.56, 1554.69, 1703.43, 1616.67, 1449.33, 1567.09, 1021.7, 1319.19, 556.89, 1195.23, 308.99, 1374.96, 408.15, 1542.3, 594.07, 1753.01, 792.4, 2075.28, 990.72, 2453.33, 1127.06, 2608.27, 1003.11, 2992.52, 1089.88, 3141.26, 959.73, 3246.62, 891.56, 3395.36, 959.73, 3463.53, 1232.42, 3494.52, 1895.56, 3587.48, 2347.98, 3624.67, 2837.58, 3822.99, 3767.21, 3841.58, 4331.19, 3915.95, 5347.58, 4002.72, 5310.4, 1195.23, 3748.62, 1164.25, 3444.94, 129.26, 3283.8, 17.7, 3048.3, 172.64]], "area": 11959831.0, "bbox": [308.99, 17.7, 5038.59, 3985.02], "iscrowd": 0, "attributes": {"occluded": false}}, {"id": 27, "image_id": 26, "category_id": 1, "segmentation": [[286.67, 82.22, 191.85, 24.44, 180.0, 71.11, 177.04, 91.85, 120.74, 124.44, 84.44, 192.59, 82.22, 273.33, 118.52, 314.81, 185.93, 351.85, 220.0, 391.11, 256.3, 394.81, 343.7, 384.44, 445.19, 376.3, 480.0, 349.63, 477.04, 112.59, 437.04, 114.81, 291.85, 77.78]], "area": 107512.0, "bbox": [82.22, 24.44, 397.78, 370.37], "iscrowd": 0, "attributes": {"occluded": false}}, {"id": 28, "image_id": 27, "category_id": 1, "segmentation": [[1619.7, 2090.76, 1593.78, 1876.93, 1567.86, 1656.63, 1490.11, 1410.41, 1490.11, 1332.66, 1392.92, 1125.31, 1308.68, 885.57, 1690.97, 1092.92, 1891.84, 1086.44, 2261.17, 1028.12, 2494.43, 1034.6, 2902.63, 801.34, 2798.96, 1280.82, 2850.8, 1617.75, 2915.59, 1831.58, 3071.1, 2129.63, 3239.57, 2447.13, 3388.6, 2816.46, 3466.35, 3140.43, 3686.65, 3380.17, 3958.79, 3846.7, 4120.78, 4000.0, 3459.87, 3969.81, 3226.61, 3768.94, 3142.38, 3982.76, 51.66, 3956.85, 45.18, 3548.64, 1101.34, 3231.14, 2526.83, 3127.47, 2792.48, 3023.8, 2293.56, 2719.27, 2935.03, 2829.42, 2960.95, 2725.75, 2727.69, 2511.92, 2209.33, 2453.61, 1703.93, 2149.07]], "area": 5132104.0, "bbox": [45.18, 801.34, 4075.6, 3198.66], "iscrowd": 0, "attributes": {"occluded": false}}, {"id": 29, "image_id": 28, "category_id": 1, "segmentation": [[1104.11, 1832.02, 1259.1, 1522.03, 1303.38, 1189.91, 1308.92, 962.95, 1447.31, 796.89, 1347.67, 564.39, 1347.67, 342.97, 1347.67, 254.41, 1480.52, 237.8, 1674.26, 331.9, 1890.15, 475.83, 2106.03, 481.36, 2377.27, 542.25, 2642.97, 525.65, 2792.43, 525.65, 3157.77, 326.37, 3251.88, 320.83, 3251.88, 459.22, 3146.7, 636.36, 3113.49, 763.67, 3119.02, 996.16, 3213.13, 1228.65, 3345.98, 1665.96, 3340.44, 1931.66, 3345.98, 2313.61, 3323.84, 2540.57, 3434.55, 2745.38, 3545.26, 3033.22, 3572.94, 3354.28, 3622.75, 3503.74, 1021.07, 3570.17, 1120.71, 3310.0, 1032.14, 3044.3, 1087.5, 2789.66, 1137.32, 2474.14, 1198.21, 2208.44]], "area": 6651228.0, "bbox": [1021.07, 237.8, 2601.68, 3332.37], "iscrowd": 0, "attributes": {"occluded": false}}, {"id": 30, "image_id": 29, "category_id": 1, "segmentation": [[67.1, 352.64, 55.17, 326.23, 56.87, 298.97, 63.69, 271.71, 53.47, 247.01, 57.73, 224.01, 48.36, 157.56, 53.47, 117.53, 73.06, 115.82, 100.32, 153.3, 128.43, 183.97, 138.65, 201.01, 175.28, 194.19, 199.13, 194.19, 218.73, 187.38, 234.91, 167.79, 250.24, 142.23, 262.17, 115.82, 277.5, 94.53, 283.47, 145.64, 301.36, 178.86, 298.8, 199.3, 305.61, 214.64, 305.61, 220.6, 314.13, 235.93, 343.95, 223.16, 380.58, 225.71, 413.8, 235.93, 464.06, 260.64, 507.5, 261.49, 513.47, 273.41, 561.17, 215.49, 592.69, 203.56, 637.84, 210.38, 665.95, 226.56, 687.24, 247.86, 693.21, 264.9, 693.21, 264.9, 728.99, 252.12, 754.54, 235.93, 768.0, 229.12, 751.13, 507.67, 546.69, 505.12, 422.32, 488.08, 128.43, 446.34, 113.1, 428.45, 106.28, 401.19, 98.61, 384.16]], "area": 187040.0, "bbox": [48.36, 94.53, 719.64, 413.14], "iscrowd": 0, "attributes": {"occluded": false}}, {"id": 31, "image_id": 30, "category_id": 1, "segmentation": [[419.93, 332.51, 387.79, 307.87, 362.08, 281.09, 346.01, 248.95, 335.3, 233.95, 337.44, 209.31, 340.65, 190.03, 327.8, 157.89, 329.94, 136.47, 311.73, 89.33, 320.3, 79.69, 348.15, 88.26, 385.65, 126.83, 414.57, 120.4, 430.64, 119.33, 445.64, 118.26, 465.99, 71.12, 483.13, 52.91, 504.56, 59.34, 512.06, 91.47, 512.06, 124.68, 517.41, 150.39, 542.05, 166.46, 562.41, 193.25, 540.98, 228.6, 579.55, 222.17, 614.9, 232.88, 652.39, 266.09, 678.1, 277.88, 707.03, 287.52, 753.09, 325.01, 787.37, 366.79, 820.58, 408.57, 833.44, 461.06, 843.08, 513.56, 854.86, 551.05, 419.93, 555.34, 437.07, 529.63, 422.07, 463.21, 406.0, 422.5, 404.93, 379.65, 428.5, 361.44]], "area": 148536.0, "bbox": [311.73, 52.91, 543.13, 502.43], "iscrowd": 0, "attributes": {"occluded": false}}, {"id": 32, "image_id": 31, "category_id": 1, "segmentation": [[320.2, 268.67, 323.91, 57.39, 462.91, 122.26, 512.95, 112.99, 561.14, 85.19, 611.18, 14.76, 657.52, 42.56, 700.15, 144.5, 716.83, 192.69, 772.43, 266.82, 765.01, 313.16, 777.99, 415.09, 818.76, 452.16, 807.64, 505.91, 792.81, 565.22, 805.79, 650.47, 765.01, 674.57, 726.09, 678.27, 735.36, 763.53, 813.2, 782.07, 392.48, 783.92, 449.94, 689.4, 381.36, 589.31, 327.61, 489.23]], "area": 287236.0, "bbox": [320.2, 14.76, 498.56, 769.16], "iscrowd": 0, "attributes": {"occluded": false}}, {"id": 33, "image_id": 32, "category_id": 1, "segmentation": [[29.07, 354.93, 60.58, 344.98, 89.61, 335.02, 105.37, 292.73, 116.15, 270.33, 107.03, 228.03, 105.37, 200.67, 116.98, 199.01, 153.47, 212.28, 180.84, 233.84, 197.43, 242.96, 217.34, 247.94, 228.95, 257.06, 243.05, 258.72, 284.51, 248.77, 320.18, 230.52, 374.09, 231.35, 410.58, 218.91, 453.71, 237.16, 479.42, 260.38, 492.69, 276.97, 515.91, 281.94, 558.21, 296.04, 558.21, 296.04, 588.07, 301.85, 620.41, 325.07, 654.42, 354.1, 719.11, 382.3, 734.86, 383.13, 732.38, 422.11, 541.62, 406.35, 474.44, 412.16, 387.36, 410.5, 291.15, 404.69, 252.17, 400.54, 175.87, 410.5, 106.2, 398.06, 77.17, 398.06, 36.53, 388.93, 17.46, 368.2]], "area": 91653.0, "bbox": [17.46, 199.01, 717.4, 223.1], "iscrowd": 0, "attributes": {"occluded": false}}, {"id": 34, "image_id": 33, "category_id": 1, "segmentation": [[826.18, 1667.5, 617.18, 1597.83, 524.29, 1458.49, 484.48, 1408.73, 447.98, 1329.11, 524.29, 1176.51, 686.84, 1103.52, 806.27, 1110.16, 922.39, 1057.08, 1041.82, 1057.08, 1174.52, 1090.25, 1230.91, 1110.16, 1204.37, 984.09, 1211.01, 712.06, 1174.52, 506.37, 1257.45, 426.75, 1416.69, 542.86, 1499.63, 602.58, 1678.77, 619.17, 1861.24, 416.8, 1917.63, 406.85, 1940.86, 513.01, 1944.17, 609.21, 1950.81, 705.42, 1937.54, 765.14, 1977.35, 934.33, 1993.94, 1063.71, 1993.94, 1213.0, 1993.94, 1342.38, 2040.38, 1475.08, 2090.14, 1544.75, 2256.02, 1670.81, 2355.54, 1687.4, 2544.64, 1697.35, 2544.64, 1730.53, 1814.79, 1790.24, 1539.44, 1836.69, 1333.76, 1883.13, 1247.5, 1816.78, 1108.17, 1823.42, 972.15, 1757.07]], "area": 1495794.0, "bbox": [447.98, 406.85, 2096.66, 1476.28], "iscrowd": 0, "attributes": {"occluded": false}}, {"id": 35, "image_id": 34, "category_id": 1, "segmentation": [[397.62, 443.22, 345.96, 345.51, 347.08, 279.25, 365.05, 234.32, 311.14, 138.86, 322.38, 95.06, 312.27, 2.96, 745.79, 8.58, 748.03, 38.9, 777.24, 84.95, 767.13, 126.51, 804.19, 165.81, 801.94, 262.4, 799.7, 317.43, 758.14, 364.6, 731.19, 425.25, 726.7, 460.07, 635.72, 473.55, 588.55, 435.36, 587.43, 392.68, 599.78, 365.73, 538.01, 380.33, 513.3, 393.81, 547.0, 423.01, 575.08, 465.68, 558.23, 494.89, 489.72, 498.25, 418.96, 490.39]], "area": 196973.0, "bbox": [311.14, 2.96, 493.05, 495.29], "iscrowd": 0, "attributes": {"occluded": false}}, {"id": 36, "image_id": 35, "category_id": 1, "segmentation": [[428.9, 544.36, 467.78, 470.5, 500.17, 414.77, 528.68, 343.5, 496.29, 281.3, 546.83, 239.83, 612.92, 197.06, 656.98, 207.43, 701.04, 233.35, 707.52, 261.86, 699.74, 304.62, 682.89, 331.84, 667.34, 357.75, 699.74, 407.0, 699.74, 435.51, 730.84, 496.41, 734.73, 558.62, 717.88, 623.41, 396.5, 628.6]], "area": 93578.0, "bbox": [396.5, 197.06, 338.23, 431.54], "iscrowd": 0, "attributes": {"occluded": false}}, {"id": 37, "image_id": 36, "category_id": 1, "segmentation": [[368.21, 113.38, 407.05, 70.53, 467.3, 51.78, 546.31, 81.24, 566.4, 149.54, 524.89, 207.12, 510.16, 290.14, 456.59, 374.51, 453.91, 437.44, 539.62, 251.31, 587.82, 149.54, 634.69, 162.93, 634.69, 162.93, 634.69, 237.92, 692.27, 270.06, 751.19, 300.86, 819.49, 315.59, 901.17, 294.16, 886.44, 374.51, 854.3, 464.22, 827.52, 539.21, 787.35, 587.42, 753.87, 624.92, 800.74, 687.85, 299.92, 698.0, 257.07, 602.15, 247.69, 496.36, 291.88, 334.33, 293.22, 264.7, 349.46, 282.11, 310.63, 156.23, 353.48, 129.45]], "area": 281794.0, "bbox": [247.69, 51.78, 653.48, 646.22], "iscrowd": 0, "attributes": {"occluded": false}}, {"id": 38, "image_id": 37, "category_id": 1, "segmentation": [[681.2, 418.9, 707.74, 277.35, 709.96, 239.76, 703.32, 160.14, 734.28, 104.84, 760.82, 87.15, 802.85, 111.48, 842.66, 168.98, 895.74, 230.91, 977.57, 257.45, 1043.92, 268.51, 1134.6, 219.85, 1189.89, 186.68, 1214.22, 186.68, 1234.12, 233.12, 1207.58, 323.8, 1176.62, 412.27, 1181.04, 460.92, 1178.83, 549.39, 1174.41, 598.05, 1088.15, 719.69, 1063.82, 783.83, 1026.22, 863.45, 970.93, 901.04, 924.49, 943.07, 878.04, 962.97, 842.66, 947.49, 818.33, 903.26, 809.48, 887.77, 942.18, 748.44, 906.79, 653.34, 862.56, 655.55, 833.81, 629.01, 820.54, 606.89, 745.34, 598.05, 721.01, 560.45, 698.9, 527.27]], "area": 263271.0, "bbox": [681.2, 87.15, 552.92, 875.82], "iscrowd": 0, "attributes": {"occluded": false}}, {"id": 39, "image_id": 38, "category_id": 1, "segmentation": [[132.58, 442.98, 182.33, 343.47, 174.31, 269.64, 191.96, 235.94, 164.68, 170.14, 143.81, 97.91, 118.14, 36.93, 246.53, 142.85, 307.52, 139.64, 338.01, 158.9, 392.58, 150.88, 434.31, 126.8, 471.22, 64.21, 501.72, 20.88, 538.63, 52.98, 557.89, 123.59, 559.49, 174.95, 577.15, 240.75, 607.64, 280.88, 612.46, 316.19, 719.99, 362.73, 750.0, 381.99, 740.85, 805.69, 620.48, 860.26, 625.3, 953.35, 594.8, 1025.57, 432.7, 1030.38, 402.21, 1001.49, 270.6, 937.3, 230.48, 1030.38, 81.22, 1025.57, 81.22, 836.19, 20.23, 725.44, 86.04, 560.14, 124.56, 487.91]], "area": 511736.0, "bbox": [20.23, 20.88, 729.77, 1009.5], "iscrowd": 0, "attributes": {"occluded": false}}, {"id": 40, "image_id": 39, "category_id": 1, "segmentation": [[287.65, 270.15, 234.51, 153.52, 225.44, 86.13, 237.11, 53.74, 283.76, 53.74, 343.37, 61.51, 402.98, 91.32, 423.71, 125.01, 456.11, 102.98, 545.53, 82.25, 583.11, 65.4, 614.21, 62.81, 628.47, 1.9, 780.09, 8.38, 813.78, 84.84, 828.03, 163.89, 842.29, 202.76, 822.85, 264.97, 802.12, 340.13, 773.61, 406.22, 725.66, 476.2, 671.23, 524.15, 596.07, 526.74, 537.75, 524.15, 454.82, 511.19, 379.65, 447.69]], "area": 226758.0, "bbox": [225.44, 1.9, 616.85, 524.84], "iscrowd": 0, "attributes": {"occluded": false}}, {"id": 41, "image_id": 40, "category_id": 1, "segmentation": [[14.5, 664.1, 207.14, 565.54, 359.46, 498.34, 552.1, 498.34, 628.26, 381.86, 731.3, 265.38, 811.94, 247.46, 870.18, 296.74, 1018.02, 296.74, 1094.18, 350.5, 1161.38, 292.26, 1170.34, 395.3, 1089.7, 498.34, 1103.14, 534.18, 1103.14, 695.46, 1098.66, 802.98, 1040.42, 919.46, 991.14, 928.42, 1026.98, 1044.9, 1053.86, 1242.02, 1071.78, 1362.98, 27.94, 1389.86]], "area": 997141.0, "bbox": [14.5, 247.46, 1155.84, 1142.4], "iscrowd": 0, "attributes": {"occluded": false}}, {"id": 42, "image_id": 41, "category_id": 1, "segmentation": [[67.34, 354.38, 68.64, 310.32, 46.61, 277.93, 98.44, 222.2, 110.11, 193.69, 155.46, 160.0, 165.83, 128.9, 190.45, 99.09, 203.41, 91.32, 173.61, 30.41, 242.29, 57.62, 291.53, 39.48, 342.07, 39.48, 379.65, 44.67, 396.5, 55.03, 430.19, 69.29, 474.25, 31.71, 478.14, 23.93, 471.66, 71.88, 471.66, 123.71, 491.1, 148.34, 532.57, 196.29, 558.49, 226.09, 585.7, 240.35, 585.7, 277.93, 567.56, 298.66, 563.67, 314.21, 570.15, 334.95, 553.3, 390.67, 511.84, 460.65, 482.03, 503.41, 440.56, 529.33, 426.31, 518.96, 422.42, 548.77, 272.1, 542.29, 156.76, 534.51, 85.49, 537.11, 77.71, 537.11, 68.64, 522.85, 93.26, 509.89, 108.81, 490.45, 120.48, 467.13, 84.19, 424.36]], "area": 204792.0, "bbox": [46.61, 23.93, 539.09, 524.84], "iscrowd": 0, "attributes": {"occluded": false}}, {"id": 43, "image_id": 42, "category_id": 1, "segmentation": [[445.21, 1115.28, 549.2, 1020.97, 645.92, 979.87, 716.05, 960.52, 732.97, 960.52, 759.57, 921.83, 791.01, 849.29, 815.19, 800.92, 844.21, 728.38, 936.1, 694.53, 986.88, 718.71, 1030.41, 752.56, 1105.37, 788.83, 1129.55, 837.2, 1139.22, 890.4, 1151.31, 916.99, 1124.71, 916.99, 1124.71, 965.36, 1112.62, 999.21, 1134.39, 1059.67, 1194.84, 1110.45, 1052.17, 1062.08, 885.32, 1074.17, 836.95, 1095.94, 677.36, 1098.36, 491.16, 1105.61]], "area": 148157.0, "bbox": [445.21, 694.53, 749.63, 420.75], "iscrowd": 0, "attributes": {"occluded": false}}, {"id": 44, "image_id": 43, "category_id": 1, "segmentation": [[151.72, 259.51, 127.68, 165.21, 127.68, 141.18, 168.36, 89.41, 142.47, 4.37, 207.18, 6.21, 260.8, 8.06, 303.32, 24.7, 349.54, 21.0, 434.59, 37.64, 512.24, 9.91, 521.49, 56.13, 497.45, 111.6, 491.91, 155.97, 484.51, 200.34, 571.41, 200.34, 608.38, 220.68, 608.38, 361.19, 157.26, 370.0, 164.66, 305.73]], "area": 139455.0, "bbox": [127.68, 4.37, 480.7, 365.63], "iscrowd": 0, "attributes": {"occluded": false}}, {"id": 45, "image_id": 44, "category_id": 1, "segmentation": [[47.58, 331.31, 57.21, 212.56, 78.07, 170.83, 65.23, 127.5, 71.65, 103.43, 78.07, 42.44, 90.91, 8.74, 159.92, 7.14, 211.27, 97.01, 281.89, 106.64, 342.87, 130.71, 384.6, 103.43, 443.97, 79.35, 487.3, 56.89, 512.98, 113.06, 484.09, 177.25, 453.6, 230.21, 443.97, 260.7, 426.32, 321.69, 397.43, 392.3, 392.62, 440.44, 405.46, 459.7, 2.64, 453.28, 2.64, 421.19, 39.55, 401.93]], "area": 150854.0, "bbox": [2.64, 7.14, 510.34, 452.56], "iscrowd": 0, "attributes": {"occluded": false}}, {"id": 46, "image_id": 45, "category_id": 1, "segmentation": [[393.13, 873.91, 362.89, 651.45, 343.46, 521.86, 302.42, 422.51, 246.26, 277.8, 252.74, 206.52, 291.62, 113.65, 373.69, 135.25, 425.53, 180.6, 481.68, 230.28, 540.0, 279.96, 596.16, 312.35, 678.23, 292.92, 736.54, 269.16, 809.98, 288.6, 831.58, 288.6, 905.01, 165.49, 997.88, 42.38, 1064.84, 3.5, 1116.67, 38.06, 1131.79, 117.97, 1140.43, 176.29, 1136.11, 271.32, 1133.95, 349.07, 1129.63, 431.14, 1144.75, 480.82, 1170.67, 569.37, 1181.47, 627.69, 1181.47, 698.96, 1187.95, 733.52, 1239.78, 802.63, 1306.74, 845.83, 1378.01, 930.06, 1501.12, 1009.98, 1594.0, 1068.29, 1689.03, 1113.65, 1775.42, 1167.65, 1842.38, 1228.12, 1879.09, 1299.4, 360.73, 1325.31, 371.53, 1159.01]], "area": 1131016.0, "bbox": [246.26, 3.5, 1632.83, 1321.81], "iscrowd": 0, "attributes": {"occluded": false}}, {"id": 47, "image_id": 46, "category_id": 1, "segmentation": [[27.89, 337.92, 157.31, 190.85, 27.89, 37.89, 1951.59, 8.48, 1886.88, 161.43, 2033.95, 284.97, 2022.19, 1532.0, 174.96, 1508.61, 316.15, 1343.89, 4.36, 1137.99]], "area": 2896036.0, "bbox": [4.36, 8.48, 2029.59, 1523.52], "iscrowd": 0, "attributes": {"occluded": false}}, {"id": 48, "image_id": 47, "category_id": 1, "segmentation": [[186.46, 479.35, 204.59, 388.71, 216.24, 312.32, 233.08, 244.99, 252.5, 238.51, 284.87, 229.45, 286.16, 204.85, 332.78, 204.85, 354.79, 220.39, 379.39, 176.36, 393.63, 118.1, 392.34, 67.6, 409.17, 1.56, 466.14, 15.81, 486.86, 20.99, 511.46, 58.53, 537.36, 79.25, 571.02, 84.43, 626.7, 97.38, 675.9, 106.44, 722.52, 92.2, 741.94, 71.48, 783.37, 33.93, 818.33, 31.34, 840.34, 37.82, 855.88, 83.14, 846.82, 146.58, 832.58, 195.79, 841.64, 237.22, 863.65, 265.71, 883.07, 311.02, 897.32, 348.57, 886.96, 432.74, 901.2, 497.48, 905.09, 571.28, 936.16, 599.77, 951.7, 641.2, 152.8, 647.68, 186.46, 559.63]], "area": 369173.0, "bbox": [152.8, 1.56, 798.9, 646.12], "iscrowd": 0, "attributes": {"occluded": false}}, {"id": 49, "image_id": 48, "category_id": 1, "segmentation": [[503.8, 65.89, 574.3, 30.64, 613.69, 5.76, 746.39, 5.76, 862.51, 5.76, 906.05, 47.23, 1009.72, 96.99, 1136.2, 175.78, 1150.71, 175.78, 1148.64, 119.8, 1125.83, 78.33, 1129.98, 49.3, 1156.93, 0.0, 1219.14, 26.5, 1256.46, 67.97, 1293.78, 84.55, 1326.95, 84.55, 1395.38, 82.48, 1472.1, 96.99, 1515.64, 63.82, 1573.69, 28.57, 1617.24, 38.94, 1654.56, 70.04, 1625.53, 136.39, 1608.94, 213.11, 1623.46, 269.09, 1633.82, 314.7, 1629.68, 366.54, 1606.87, 405.94, 1625.53, 495.09, 1625.53, 544.86, 1602.72, 640.23, 1581.99, 698.29, 447.82, 683.78, 406.35, 575.96, 383.54, 447.4, 427.08, 285.68, 433.3, 225.55, 313.05, 225.55, 209.37, 175.78, 120.22, 74.19, 89.11, 9.91, 240.48, 9.91, 294.38, 86.63, 466.48, 92.85]], "area": 807573.0, "bbox": [89.11, 0.0, 1565.45, 698.29], "iscrowd": 0, "attributes": {"occluded": false}}, {"id": 50, "image_id": 49, "category_id": 1, "segmentation": [[257.96, 305.25, 272.59, 265.91, 289.97, 198.23, 277.17, 166.21, 265.27, 126.88, 243.32, 96.7, 245.15, 66.51, 258.87, 45.47, 266.19, 30.84, 278.99, 26.27, 288.14, 41.82, 281.74, 62.85, 284.48, 81.15, 297.29, 109.5, 312.84, 138.77, 333.88, 177.19, 361.32, 185.42, 371.38, 179.02, 408.88, 168.96, 442.72, 172.62, 462.85, 181.76, 479.31, 184.51, 496.69, 189.08, 509.5, 190.91, 509.5, 204.63, 484.8, 215.61, 485.71, 235.73, 492.12, 260.43, 492.12, 283.29, 492.12, 296.1, 521.39, 303.42, 541.51, 317.14, 562.55, 333.6, 556.14, 344.58, 550.66, 353.72, 537.85, 334.52, 509.5, 328.11, 483.88, 331.77, 470.16, 347.32, 451.87, 343.66, 436.32, 331.77, 417.11, 346.41, 407.05, 366.53, 403.39, 371.1, 407.05, 382.08, 407.05, 391.23, 421.69, 395.8, 425.34, 412.26, 421.69, 418.67, 375.04, 418.67, 371.38, 406.78, 362.23, 389.4, 354.0, 372.02, 348.51, 354.64, 339.36, 343.66, 325.64, 334.52, 300.03, 350.98, 280.82, 361.04, 280.82, 361.04, 279.91, 377.51, 281.74, 391.23, 292.71, 404.95, 282.65, 415.92, 258.87, 415.92, 249.72, 415.92, 238.75, 397.63, 227.77, 366.53, 231.43, 329.94]], "area": 52535.0, "bbox": [227.77, 26.27, 334.78, 392.4], "iscrowd": 0, "attributes": {"occluded": false}}, {"id": 51, "image_id": 50, "category_id": 1, "segmentation": [[12.13, 149.68, 60.2, 125.65, 78.69, 114.56, 128.61, 107.16, 185.92, 94.22, 241.39, 94.22, 276.51, 99.77, 330.13, 109.01, 352.32, 118.25, 361.56, 118.25, 372.65, 105.31, 404.09, 84.97, 404.09, 62.79, 407.78, 46.15, 418.88, 23.96, 435.52, 38.75, 446.61, 46.15, 463.25, 46.15, 481.74, 46.15, 509.47, 18.42, 533.5, 18.42, 533.5, 44.3, 533.5, 73.88, 533.5, 112.71, 531.66, 144.14, 529.81, 158.93, 515.02, 170.02, 511.32, 179.27, 511.32, 188.51, 509.47, 208.85, 474.34, 221.79, 437.36, 240.28, 409.63, 249.52, 424.42, 271.71, 441.06, 279.1, 470.64, 293.89, 498.38, 310.53, 500.22, 338.27, 468.79, 329.02, 396.69, 314.23, 309.79, 288.35, 269.12, 256.92, 215.5, 260.61, 172.98, 279.1, 145.25, 279.1, 172.98, 303.14, 222.9, 317.93, 256.18, 329.02, 237.69, 356.75, 187.77, 354.91, 148.94, 334.57, 100.87, 340.12, 84.24, 340.12, 65.75, 292.05, 1.04, 253.22]], "area": 104615.0, "bbox": [1.04, 18.42, 532.46, 338.33], "iscrowd": 0, "attributes": {"occluded": false}}, {"id": 52, "image_id": 51, "category_id": 1, "segmentation": [[791.79, 602.47, 756.4, 427.75, 729.86, 328.22, 703.32, 168.98, 798.42, 211.0, 847.08, 226.49, 926.7, 237.54, 990.84, 230.91, 1059.4, 224.27, 1110.27, 175.62, 1187.68, 138.02, 1212.0, 122.54, 1216.43, 219.85, 1205.37, 328.22, 1212.0, 421.11, 1209.79, 447.65, 1198.73, 458.71, 1196.52, 598.05, 1169.98, 682.09, 1169.98, 757.29, 1154.5, 834.69, 1050.55, 905.47, 946.6, 905.47, 895.74, 861.23, 871.41, 752.86]], "area": 270845.0, "bbox": [703.32, 122.54, 513.11, 782.93], "iscrowd": 0, "attributes": {"occluded": false}}, {"id": 53, "image_id": 52, "category_id": 1, "segmentation": [[923.93, 168.94, 960.22, 124.88, 1002.98, 113.22, 1034.08, 101.56, 1091.1, 101.56, 1102.76, 98.96, 1118.32, 122.29, 1113.13, 136.54, 1129.98, 159.87, 1129.98, 197.45, 1133.87, 225.96, 1132.57, 241.51, 1132.57, 257.06, 1115.72, 275.21, 1100.17, 292.05, 1082.03, 294.64, 1061.3, 284.28, 1061.3, 319.27, 1080.73, 350.37, 1088.51, 371.1, 1098.88, 393.13, 1109.24, 407.39, 1105.36, 426.83, 1087.21, 430.71, 1060.0, 426.83, 1048.34, 406.09, 1030.19, 406.09, 1009.46, 406.09, 992.61, 381.47, 978.36, 399.61, 969.29, 412.57, 987.43, 450.15, 1005.57, 469.59, 1009.46, 495.51, 970.58, 495.51, 958.92, 464.41, 958.92, 448.86, 958.92, 391.84, 1002.98, 329.63, 1002.98, 289.46, 1009.46, 255.77, 1012.05, 229.85, 1004.28, 209.11, 971.88, 206.52]], "area": 41569.0, "bbox": [923.93, 98.96, 209.94, 396.55], "iscrowd": 0, "attributes": {"occluded": false}}, {"id": 54, "image_id": 52, "category_id": 1, "segmentation": [[59.57, 343.89, 51.79, 290.76, 51.79, 238.92, 59.57, 205.23, 42.72, 159.87, 91.97, 178.01, 145.1, 176.72, 189.16, 175.42, 212.48, 163.76, 225.44, 183.2, 291.53, 149.5, 322.63, 162.46, 322.63, 222.07, 326.52, 285.57, 333.0, 341.3, 330.41, 398.32, 326.52, 434.6, 309.68, 469.59, 286.35, 496.8, 264.32, 479.96, 275.98, 451.45, 279.87, 404.79, 277.28, 391.84, 266.91, 378.88, 230.63, 382.76, 211.19, 378.88, 216.37, 437.19, 182.68, 443.67, 171.02, 425.53, 172.31, 387.95, 167.13, 363.33, 141.21, 355.55, 91.97, 368.51, 76.41, 360.73]], "area": 62591.0, "bbox": [42.72, 149.5, 290.28, 347.3], "iscrowd": 0, "attributes": {"occluded": false}}, {"id": 55, "image_id": 52, "category_id": 1, "segmentation": [[313.56, 132.66, 294.13, 51.02, 330.41, 32.87, 360.22, 38.06, 408.16, 27.69, 452.22, 30.28, 474.25, 38.06, 536.46, 9.55, 524.79, 36.76, 501.47, 61.38, 518.32, 117.11, 513.13, 148.21, 502.76, 184.49, 514.43, 215.59, 514.43, 258.36, 496.29, 320.56, 498.88, 368.51, 502.76, 426.83, 500.17, 442.38, 474.25, 447.56, 462.59, 435.9, 452.22, 402.2, 426.31, 408.68, 415.94, 492.92, 421.12, 509.76, 358.92, 539.57, 358.92, 508.47, 364.1, 491.62, 364.1, 491.62, 351.14, 404.79, 344.67, 307.6, 340.78, 218.19, 330.41, 159.87]], "area": 75247.0, "bbox": [294.13, 9.55, 242.33, 530.02], "iscrowd": 0, "attributes": {"occluded": false}}, {"id": 56, "image_id": 52, "category_id": 1, "segmentation": [[527.39, 223.37, 519.61, 166.35, 554.6, 117.11, 584.41, 131.36, 647.9, 122.29, 691.97, 132.66, 759.35, 104.15, 763.24, 131.36, 719.18, 180.6, 729.55, 202.63, 708.81, 228.55, 733.43, 263.54, 721.77, 314.08, 755.46, 320.56, 752.87, 362.03, 720.48, 424.23, 681.6, 504.58, 681.6, 504.58, 650.5, 527.9, 628.47, 527.9, 638.83, 437.19, 599.96, 446.26, 588.29, 455.33, 568.86, 467.0, 570.15, 495.51, 584.41, 542.16, 526.09, 536.98, 507.95, 478.66, 517.02, 439.78, 509.24, 363.33, 504.06, 320.56]], "area": 79524.0, "bbox": [504.06, 104.15, 259.18, 438.01], "iscrowd": 0, "attributes": {"occluded": false}}, {"id": 57, "image_id": 52, "category_id": 1, "segmentation": [[773.61, 165.05, 739.91, 179.31, 739.91, 205.23, 736.03, 219.48, 717.88, 231.14, 741.21, 254.47, 741.21, 281.68, 745.1, 298.53, 771.02, 333.52, 750.28, 378.88, 732.14, 422.94, 730.84, 500.69, 712.7, 546.05, 786.57, 544.75, 785.27, 501.99, 785.27, 482.55, 796.93, 457.93, 818.96, 434.6, 844.88, 437.19, 866.91, 444.97, 882.46, 444.97, 900.6, 482.55, 900.6, 482.55, 900.6, 525.31, 913.56, 559.01, 964.1, 562.89, 983.54, 549.94, 947.26, 521.43, 955.03, 467.0, 948.55, 459.22, 952.44, 420.35, 952.44, 387.95, 979.65, 346.48, 993.91, 293.35, 1006.87, 254.47, 1002.98, 211.71, 965.4, 215.59, 938.19, 185.79, 886.35, 171.53, 817.67, 170.24]], "area": 75387.0, "bbox": [712.7, 165.05, 294.17, 397.84], "iscrowd": 0, "attributes": {"occluded": false}}, {"id": 58, "image_id": 53, "category_id": 1, "segmentation": [[444.56, 1119.82, 560.13, 861.17, 631.68, 751.1, 620.67, 690.56, 681.21, 569.49, 664.7, 420.9, 747.25, 299.83, 774.76, 239.29, 846.31, 96.2, 846.31, 30.16, 961.88, 30.16, 1044.43, 222.78, 1204.02, 200.77, 1292.08, 305.33, 1418.65, 277.81, 1545.23, 222.78, 1567.24, 294.32, 1506.71, 486.94, 1484.69, 574.99, 1413.15, 734.59, 1396.64, 784.12, 1325.1, 1015.26, 1369.12, 1152.0]], "area": 773982.0, "bbox": [444.56, 30.16, 1122.68, 1121.84], "iscrowd": 0, "attributes": {"occluded": false}}, {"id": 59, "image_id": 54, "category_id": 1, "segmentation": [[358.27, 1166.0, 313.2, 1044.67, 351.33, 937.2, 372.13, 822.8, 441.47, 673.73, 503.87, 559.33, 587.07, 514.27, 590.53, 455.33, 607.87, 361.73, 486.53, 212.67, 486.53, 150.27, 684.13, 219.6, 750.0, 219.6, 919.87, 195.33, 992.67, 223.07, 1065.47, 205.73, 1179.87, 153.73, 1228.4, 126.0, 1207.6, 254.27, 1169.47, 358.27, 1186.8, 444.93, 1186.8, 552.4, 1179.87, 587.07, 1228.4, 607.87, 1259.6, 680.67, 1290.8, 711.87, 1346.27, 805.47, 1328.93, 906.0, 1297.73, 992.67, 1297.73, 1034.27, 1290.8, 1110.53, 1218.0, 1221.47, 1096.67, 1259.6, 1010.0, 1259.6, 895.6, 1155.6, 902.53, 1110.53, 940.67, 1055.07, 791.6, 1058.53, 857.47, 1148.67, 791.6, 1228.4, 704.93, 1228.4, 639.07, 1207.6, 580.13, 1179.87, 472.67, 1235.33, 372.13, 1235.33]], "area": 816240.0, "bbox": [313.2, 126.0, 1033.07, 1133.6], "iscrowd": 0, "attributes": {"occluded": false}}, {"id": 60, "image_id": 55, "category_id": 1, "segmentation": [[686.63, 760.63, 608.52, 627.02, 600.29, 546.85, 587.96, 454.35, 518.07, 351.57, 509.85, 291.96, 606.46, 312.52, 703.07, 279.63, 752.41, 273.46, 857.24, 244.68, 892.18, 279.63, 923.02, 384.46, 947.68, 462.57, 943.57, 513.96, 935.35, 629.07, 966.18, 649.63, 966.18, 690.74, 966.18, 715.41, 1038.13, 797.63, 1087.46, 898.35, 1118.29, 1015.52, 1068.96, 1239.57, 1021.68, 1325.91, 559.18, 1325.91, 544.79, 1208.74, 544.79, 1138.85, 548.91, 1081.29, 604.41, 1023.74, 661.96, 992.91, 701.02, 943.57, 746.24, 904.52, 754.46, 857.24, 756.52, 824.35, 744.18, 789.41, 705.13, 783.24]], "area": 421893.0, "bbox": [509.85, 244.68, 608.44, 1081.23], "iscrowd": 0, "attributes": {"occluded": false}}, {"id": 61, "image_id": 56, "category_id": 1, "segmentation": [[669.04, 244.95, 667.93, 225.05, 676.78, 202.93, 681.2, 190.77, 684.52, 164.23, 680.1, 138.79, 681.2, 132.16, 722.12, 162.02, 750.87, 174.18, 770.78, 174.18, 785.15, 178.6, 803.95, 160.91, 820.54, 164.23, 827.17, 183.03, 833.81, 171.97, 865.88, 158.7, 886.89, 177.5, 850.4, 197.4, 848.18, 235.0, 855.93, 267.07, 896.84, 312.41, 870.3, 357.75, 865.88, 409.72, 857.03, 461.7, 858.14, 512.0, 636.97, 509.25, 657.98, 460.59, 666.83, 397.56, 674.57, 329.0, 678.99, 275.92]], "area": 68345.0, "bbox": [636.97, 132.16, 259.87, 379.84], "iscrowd": 0, "attributes": {"occluded": false}}, {"id": 62, "image_id": 56, "category_id": 1, "segmentation": [[54.2, 448.43, 160.36, 455.06, 174.73, 419.68, 184.69, 388.71, 196.85, 371.02, 203.49, 342.27, 185.79, 324.57, 181.37, 313.52, 173.63, 295.82, 173.63, 271.49, 161.46, 251.59, 154.83, 219.52, 159.25, 204.04, 194.64, 227.26, 215.65, 230.58, 241.08, 212.88, 266.52, 219.52, 297.48, 184.13, 319.6, 200.72, 315.17, 238.32, 317.39, 248.27, 314.07, 280.34, 312.96, 301.35, 331.76, 326.79, 343.93, 355.54, 351.67, 389.82, 362.72, 449.53, 350.56, 512.0, 168.1, 512.0, 169.2, 471.65, 57.52, 488.24]], "area": 52082.0, "bbox": [54.2, 184.13, 308.52, 327.87], "iscrowd": 0, "attributes": {"occluded": false}}, {"id": 63, "image_id": 56, "category_id": 1, "segmentation": [[338.4, 102.3, 328.44, 37.06, 338.4, 7.2, 390.37, 60.28, 419.12, 77.97, 432.39, 75.76, 468.88, 55.86, 496.53, 30.42, 496.53, 30.42, 512.01, 33.74, 512.01, 62.49, 504.27, 86.82, 509.8, 105.62, 509.8, 154.28, 509.8, 156.49, 525.28, 169.76, 535.23, 184.13, 558.46, 195.19, 558.46, 201.83, 582.79, 212.88, 606.01, 222.84, 644.71, 189.66, 660.19, 205.14, 638.08, 239.42, 656.88, 253.8, 656.88, 292.5, 660.19, 336.74, 662.41, 378.76, 650.24, 424.1, 634.76, 470.54, 607.11, 505.93, 544.08, 512.0, 362.72, 511.46, 384.84, 429.63, 374.89, 395.35, 366.04, 364.38, 358.3, 304.67, 358.3, 201.83, 331.76, 162.02]], "area": 114147.0, "bbox": [328.44, 7.2, 333.97, 504.8], "iscrowd": 0, "attributes": {"occluded": false}}, {"id": 64, "image_id": 57, "category_id": 1, "segmentation": [[754.69, 220.43, 942.68, 194.17, 1029.76, 221.81, 1093.35, 257.75, 1130.67, 362.81, 1145.87, 418.1, 1213.61, 449.89, 1260.6, 524.54, 1220.52, 715.29, 699.4, 720.0, 718.75, 624.06, 674.51, 575.68, 659.31, 553.56, 637.19, 512.1, 635.81, 448.51, 634.43, 404.28, 660.69, 326.87, 684.19, 275.72, 702.16, 249.46]], "area": 258104.0, "bbox": [634.43, 194.17, 626.17, 525.83], "iscrowd": 0, "attributes": {"occluded": false}}, {"id": 65, "image_id": 58, "category_id": 1, "segmentation": [[254.04, 287.47, 252.22, 266.74, 240.22, 244.28, 260.0, 208.86, 248.86, 158.75, 233.3, 143.2, 266.13, 137.15, 275.55, 147.52, 298.1, 154.43, 312.79, 158.75, 356.85, 161.34, 389.59, 169.98, 409.46, 179.48, 432.01, 180.35, 468.29, 180.35, 466.48, 205.4, 455.33, 227.86, 454.47, 242.55, 483.84, 265.87, 530.41, 290.06, 564.1, 322.89, 598.66, 356.59, 620.35, 383.37, 620.35, 446.44, 641.86, 475.81, 624.67, 481.86, 594.43, 464.58, 580.52, 446.44, 560.73, 444.71, 537.41, 436.07, 508.9, 395.46, 459.65, 408.42, 454.47, 465.44, 264.41, 480.99, 263.54, 411.02, 266.13, 356.59, 278.14, 317.71, 270.37, 293.52]], "area": 82084.0, "bbox": [233.3, 137.15, 408.56, 344.71], "iscrowd": 0, "attributes": {"occluded": false}}, {"id": 66, "image_id": 59, "category_id": 1, "segmentation": [[57.93, 864.9, 69.99, 676.02, 146.35, 647.89, 222.7, 708.17, 206.63, 880.98, 278.97, 889.02, 226.72, 977.43, 323.17, 973.41, 419.62, 780.51, 487.94, 676.02, 572.34, 651.91, 721.03, 603.68, 725.05, 539.38, 725.05, 503.21, 688.88, 426.86, 708.98, 310.31, 741.13, 145.54, 817.48, 217.88, 905.9, 225.92, 986.27, 169.66, 998.33, 286.2, 986.27, 358.54, 998.33, 434.89, 946.08, 547.42, 934.03, 607.7, 974.21, 647.89, 1082.72, 663.96, 1179.17, 756.4, 1187.21, 832.75, 1211.32, 909.11, 1267.58, 1001.54, 1339.92, 897.05, 1364.04, 800.6, 1347.96, 651.91, 1452.45, 623.78, 1500.67, 724.25, 1476.56, 872.94, 1404.22, 965.37, 1372.07, 1073.88, 1138.98, 1077.9, 1054.59, 941.26, 1038.51, 1065.84, 532.15, 1073.88, 516.07, 957.34, 439.72, 1061.82, 174.48, 1061.82, 142.33, 1025.65, 78.03, 989.49]], "area": 569238.0, "bbox": [57.93, 145.54, 1442.74, 932.36], "iscrowd": 0, "attributes": {"occluded": false}}, {"id": 67, "image_id": 60, "category_id": 1, "segmentation": [[651.36, 692.56, 604.78, 574.33, 583.29, 534.92, 608.37, 459.68, 647.78, 438.18, 705.1, 405.93, 733.77, 370.1, 733.77, 323.53, 791.09, 388.02, 909.33, 395.18, 1013.23, 337.86, 1088.47, 330.69, 1063.39, 481.17, 1063.39, 563.58, 1034.73, 660.32, 1077.72, 757.06, 1174.46, 896.79, 1274.78, 1040.1, 676.44, 1058.02, 611.95, 979.19, 676.44, 832.3]], "area": 320219.0, "bbox": [583.29, 323.53, 691.49, 734.49], "iscrowd": 0, "attributes": {"occluded": false}}, {"id": 68, "image_id": 61, "category_id": 1, "segmentation": [[13.0, 594.1, 180.97, 569.88, 137.36, 529.5, 35.62, 526.27, 148.67, 348.61, 208.43, 306.62, 289.18, 264.63, 339.25, 292.09, 420.0, 259.79, 507.21, 224.25, 555.66, 250.09, 676.79, 235.56, 710.71, 201.64, 760.78, 183.88, 797.92, 135.43, 835.07, 70.82, 888.36, 67.59, 896.44, 154.81, 896.44, 217.79, 967.5, 263.02, 969.12, 287.24, 1001.42, 301.78, 1011.11, 313.08, 1093.48, 313.08, 1148.39, 314.7, 1145.16, 361.53, 1103.17, 427.75, 1045.03, 482.66, 1014.34, 511.73, 941.66, 544.03, 830.22, 558.57, 702.63, 573.11, 646.11, 571.49, 618.65, 561.8, 502.37, 598.95, 368.32, 634.48, 229.42, 691.0, 158.36, 686.16, 9.77, 692.62]], "area": 355959.0, "bbox": [9.77, 67.59, 1138.62, 625.03], "iscrowd": 0, "attributes": {"occluded": false}}, {"id": 69, "image_id": 62, "category_id": 1, "segmentation": [[327.34, 307.88, 320.7, 250.37, 351.67, 191.76, 361.62, 147.53, 347.24, 96.66, 350.56, 41.37, 368.25, 31.42, 430.18, 81.18, 450.09, 94.45, 484.37, 92.24, 510.91, 92.24, 534.13, 61.28, 559.56, 41.37, 578.36, 32.52, 594.95, 44.69, 594.95, 44.69, 601.58, 112.14, 582.79, 144.21, 603.8, 180.7, 599.37, 233.78, 654.66, 241.53, 714.38, 245.95, 771.88, 257.01, 786.26, 286.86, 840.44, 305.66, 874.72, 333.31, 933.33, 370.91, 976.46, 387.5, 1004.11, 423.99, 1004.11, 439.47, 953.24, 442.79, 891.31, 425.09, 828.28, 442.79, 748.66, 441.68, 691.16, 464.9, 672.36, 490.34, 622.6, 514.67, 602.69, 525.72, 550.72, 530.15, 497.64, 535.68, 499.85, 496.97, 481.05, 506.93, 486.58, 544.52, 447.87, 543.42, 398.11, 519.09, 353.88, 504.71, 337.29, 504.71]], "area": 182966.0, "bbox": [320.7, 31.42, 683.41, 513.1], "iscrowd": 0, "attributes": {"occluded": false}}, {"id": 70, "image_id": 63, "category_id": 1, "segmentation": [[358.3, 124.48, 393.75, 78.76, 444.14, 48.9, 455.33, 1.31, 501.05, 4.11, 512.25, 52.63, 605.56, 116.08, 650.34, 113.28, 680.2, 91.82, 715.65, 95.55, 726.85, 131.01, 704.46, 171.13, 674.6, 196.32, 645.68, 219.65, 642.88, 235.51, 622.35, 266.3, 627.02, 315.75, 605.56, 363.34, 595.29, 390.39, 537.44, 434.25, 487.99, 470.64, 476.79, 480.9, 3.74, 481.83, 2.81, 250.44, 128.77, 308.29, 186.62, 329.75, 274.32, 329.75, 313.51, 303.62, 351.77, 289.63, 413.35, 287.76, 439.47, 291.49, 472.13, 292.43, 480.53, 277.5, 473.06, 264.43, 427.34, 258.84, 394.69, 231.78, 387.22, 221.51, 382.56, 202.85, 372.29, 178.59, 360.16, 155.27]], "area": 167169.0, "bbox": [2.81, 1.31, 724.04, 480.52], "iscrowd": 0, "attributes": {"occluded": false}}, {"id": 71, "image_id": 64, "category_id": 1, "segmentation": [[150.15, 157.59, 159.38, 85.66, 126.34, 36.1, 124.4, 10.34, 121.97, 2.56, 148.69, 7.91, 177.37, 26.86, 198.26, 37.55, 215.76, 35.61, 232.28, 27.83, 254.15, 28.32, 276.5, 23.95, 292.05, 37.07, 310.52, 47.76, 320.24, 61.85, 321.7, 90.04, 324.13, 109.96, 325.58, 120.65, 336.76, 145.92, 336.27, 162.45, 325.58, 183.34, 324.61, 195.98, 300.8, 208.61, 288.65, 219.79, 293.51, 235.83, 285.73, 249.43, 186.6, 250.89, 173.96, 219.3, 156.47, 193.55]], "area": 36274.0, "bbox": [121.97, 2.56, 214.79, 248.33], "iscrowd": 0, "attributes": {"occluded": false}}, {"id": 72, "image_id": 65, "category_id": 1, "segmentation": [[92.9, 279.12, 123.87, 238.21, 186.9, 260.32, 221.18, 292.39, 195.74, 334.42, 183.58, 366.48, 157.04, 398.55, 139.35, 426.2, 123.87, 466.01, 117.23, 488.13, 152.62, 466.01, 194.64, 449.42, 242.19, 420.67, 258.78, 396.34, 304.12, 393.02, 357.2, 381.97, 398.11, 375.33, 423.55, 364.27, 444.56, 341.05, 419.12, 314.51, 424.65, 286.86, 416.91, 255.9, 401.43, 232.68, 402.53, 198.4, 406.96, 149.74, 405.85, 111.04, 420.23, 70.12, 432.39, 53.53, 457.83, 85.6, 497.64, 102.19, 542.98, 96.66, 573.94, 73.44, 600.48, 59.06, 621.49, 111.04, 613.75, 142.0, 611.54, 178.49, 622.6, 217.2, 602.69, 255.9, 588.31, 279.12, 580.57, 314.51, 570.62, 336.63, 579.47, 354.32, 579.47, 376.44, 631.44, 373.12, 655.77, 378.65, 666.83, 314.51, 666.83, 279.12, 692.26, 231.57, 745.34, 233.78, 767.46, 284.65, 755.3, 296.82, 715.49, 291.29, 712.17, 296.82, 700.0, 338.84, 700.0, 384.18, 794.0, 421.78, 833.81, 446.1, 887.99, 469.33, 788.47, 329.99, 785.15, 294.61, 780.73, 257.01, 785.15, 220.51, 808.37, 205.03, 827.17, 199.5, 829.39, 177.39, 853.71, 163.01, 862.56, 148.64, 875.83, 153.06, 871.41, 179.6, 871.41, 205.03, 869.2, 230.47, 884.68, 236.0, 860.35, 269.17, 860.35, 279.12, 860.35, 279.12, 860.35, 313.4, 913.43, 374.23, 964.3, 437.26, 1005.21, 495.87, 1018.48, 522.41, 979.78, 577.7, 891.31, 588.76, 798.42, 571.06, 729.86, 540.1, 681.2, 535.68, 670.15, 675.01, 303.01, 678.33, 296.37, 590.97, 310.75, 522.41, 186.9, 562.22, 113.91, 584.33, 113.91, 584.33, 49.77, 585.44, 7.75, 565.53, 2.22, 516.88, 35.4, 457.16, 66.36, 401.87, 91.8, 365.38, 116.12, 336.63, 119.44, 291.29]], "area": 297063.0, "bbox": [2.22, 53.53, 1016.26, 624.8], "iscrowd": 0, "attributes": {"occluded": false}}, {"id": 73, "image_id": 66, "category_id": 1, "segmentation": [[732.73, 1848.07, 816.73, 1927.4, 933.4, 1750.07, 1115.4, 1638.07, 1157.4, 1600.73, 1185.4, 1400.07, 1204.07, 1246.07, 1241.4, 1124.73, 1222.73, 942.73, 1218.07, 807.4, 1222.73, 686.07, 1208.73, 508.73, 1255.4, 490.07, 1362.73, 578.73, 1432.73, 662.73, 1484.07, 676.73, 1591.4, 672.07, 1652.07, 686.07, 1726.73, 639.4, 1764.07, 560.07, 1852.73, 527.4, 1899.4, 536.73, 1871.4, 704.73, 1866.73, 802.73, 1852.73, 863.4, 1852.73, 1017.4, 1843.4, 1096.73, 1918.07, 1204.07, 1950.73, 1367.4, 2020.73, 1568.07, 2072.07, 1675.4, 2044.07, 1810.73, 2034.73, 1899.4, 1941.4, 2058.07, 1852.73, 2072.07, 1876.07, 2193.4, 1787.4, 2212.07, 1722.07, 2142.07, 1661.4, 2170.07, 1642.73, 2305.4, 1614.73, 2436.07, 1507.4, 2473.4, 1460.73, 2473.4, 1423.4, 2389.4, 1339.4, 2398.73, 1311.4, 2370.73, 1311.4, 2282.07, 1311.4, 2216.73, 1348.73, 2160.73, 1344.07, 2016.07, 1297.4, 1843.4, 1157.4, 1838.73, 1092.07, 1829.4, 975.4, 1992.73, 849.4, 2053.4, 770.07, 2053.4]], "area": 1286985.0, "bbox": [732.73, 490.07, 1339.34, 1983.33], "iscrowd": 0, "attributes": {"occluded": false}}, {"id": 74, "image_id": 67, "category_id": 1, "segmentation": [[6.44, 442.51, 101.04, 414.0, 177.49, 419.18, 283.76, 420.48, 355.03, 433.43, 362.81, 367.34, 357.62, 314.21, 373.17, 271.45, 383.54, 249.42, 382.25, 210.54, 364.1, 172.96, 336.89, 113.35, 314.86, 77.06, 292.83, 55.03, 298.01, 33.0, 335.59, 30.41, 370.58, 56.33, 443.15, 88.73, 488.51, 115.94, 544.23, 118.53, 590.89, 114.64, 634.95, 97.8, 679.01, 118.53, 708.81, 115.94, 759.35, 79.65, 795.64, 55.03, 826.74, 33.0, 877.28, 13.56, 899.31, 44.67, 886.35, 104.28, 860.43, 148.34, 839.7, 204.06, 830.63, 236.46, 855.25, 281.81, 878.57, 321.99, 861.73, 373.82, 843.59, 401.04, 864.32, 434.73, 864.32, 486.57, 833.22, 540.99, 755.46, 592.83, 761.94, 623.93, 816.37, 662.81, 834.51, 667.99, 9.03, 671.88]], "area": 371069.0, "bbox": [6.44, 13.56, 892.87, 658.32], "iscrowd": 0, "attributes": {"occluded": false}}, {"id": 75, "image_id": 68, "category_id": 1, "segmentation": [[601.21, 35.71, 648.08, 58.48, 724.41, 69.19, 802.08, 109.37, 846.27, 109.37, 898.49, 87.94, 952.06, 67.85, 1009.64, 37.05, 1061.86, 27.68, 1098.02, 50.44, 1079.27, 117.4, 1047.13, 213.81, 1005.62, 290.14, 970.8, 377.18, 923.94, 465.56, 878.41, 516.45, 798.06, 587.42, 716.38, 606.17, 724.41, 689.19, 519.53, 689.19, 506.14, 607.51, 506.14, 496.36, 507.48, 406.64, 506.14, 374.51, 511.49, 311.57, 518.19, 247.29, 540.95, 191.05, 566.4, 102.67]], "area": 259632.0, "bbox": [506.14, 27.68, 591.88, 661.51], "iscrowd": 0, "attributes": {"occluded": false}}, {"id": 76, "image_id": 69, "category_id": 1, "segmentation": [[472.53, 487.76, 487.76, 416.7, 454.76, 365.94, 454.76, 299.95, 508.06, 226.35, 548.67, 150.22, 622.26, 109.61, 739.01, 107.07, 843.06, 99.46, 886.2, 89.31, 1033.4, 3.02, 1071.47, 10.63, 1010.56, 195.9, 1013.1, 299.95, 1046.09, 424.31, 1053.7, 510.6, 1109.54, 543.59, 1122.23, 662.87, 15.71, 664.0, 15.71, 576.58, 162.91, 543.59, 162.91, 543.59, 292.34, 510.6, 368.48, 497.91]], "area": 387089.0, "bbox": [15.71, 3.02, 1106.52, 660.98], "iscrowd": 0, "attributes": {"occluded": false}}, {"id": 77, "image_id": 70, "category_id": 1, "segmentation": [[187.51, 709.55, 176.42, 607.49, 183.07, 563.12, 211.92, 529.84, 256.29, 487.69, 289.57, 447.75, 294.01, 427.79, 269.6, 427.79, 236.32, 383.42, 218.57, 339.04, 207.48, 301.33, 198.6, 241.42, 160.89, 172.65, 209.7, 181.52, 247.41, 161.55, 318.41, 134.93, 331.72, 146.02, 369.44, 188.18, 396.06, 265.83, 376.09, 316.86, 431.56, 370.1, 469.28, 467.72, 478.15, 572.0, 453.75, 696.24]], "area": 120798.0, "bbox": [160.89, 134.93, 317.26, 574.62], "iscrowd": 0, "attributes": {"occluded": false}}, {"id": 78, "image_id": 71, "category_id": 1, "segmentation": [[21.6, 1093.6, 385.51, 959.96, 547.24, 804.45, 652.98, 667.6, 656.1, 508.98, 656.1, 465.44, 612.55, 359.7, 665.43, 263.28, 814.71, 247.73, 904.91, 266.39, 991.99, 378.36, 991.99, 512.1, 932.9, 689.37, 901.8, 847.99, 951.56, 835.55, 998.21, 729.81, 1023.09, 655.16, 1094.63, 558.75, 1159.94, 512.1, 1250.13, 484.1, 1287.46, 412.57, 1483.4, 387.69, 1598.47, 381.47, 1579.81, 272.61, 1610.91, 145.1, 1663.78, 76.67, 1760.2, 86.0, 1844.17, 176.2, 1837.95, 325.49, 1996.57, 250.84, 2068.1, 266.39, 2130.31, 288.16, 1956.14, 527.65, 1918.82, 652.05, 1918.82, 757.8, 1943.7, 785.79, 2055.66, 820.0, 2257.82, 891.53, 2264.04, 1000.39, 2061.88, 1159.01, 1788.19, 1246.09, 1642.01, 1277.19, 1517.61, 1289.63, 1287.46, 1261.64, 1187.93, 1155.9, 1103.96, 1221.21, 923.57, 1202.55, 245.56, 1252.31, 6.1, 1249.2]], "area": 1454703.0, "bbox": [6.1, 76.67, 2257.94, 1212.96], "iscrowd": 0, "attributes": {"occluded": false}}, {"id": 79, "image_id": 72, "category_id": 1, "segmentation": [[658.05, 738.66, 667.01, 529.66, 687.91, 455.02, 655.06, 287.82, 556.53, 120.61, 532.65, 51.94, 589.38, 10.14, 771.51, 87.77, 870.04, 123.6, 941.69, 63.88, 1046.2, 45.97, 1189.51, 25.07, 1207.43, 25.07, 1240.27, 4.17, 1520.93, 7.16, 1511.97, 165.4, 1526.9, 222.13, 1619.46, 332.6, 1628.42, 422.17, 1664.24, 529.66, 1732.92, 664.02, 1747.85, 756.58, 1918.03, 786.44, 1912.06, 1070.08, 813.31, 1067.1, 801.36, 920.79, 729.71, 816.29]], "area": 1055645.0, "bbox": [532.65, 4.17, 1385.38, 1065.91], "iscrowd": 0, "attributes": {"occluded": false}}, {"id": 80, "image_id": 73, "category_id": 1, "segmentation": [[6.87, 453.1, 67.01, 445.08, 89.73, 437.06, 132.49, 391.62, 163.23, 340.84, 212.68, 274.02, 268.81, 228.58, 307.56, 216.55, 371.71, 181.81, 409.13, 156.41, 461.25, 156.41, 518.72, 153.74, 558.81, 156.41, 582.87, 175.12, 525.4, 200.52, 542.77, 243.28, 537.43, 266.0, 529.41, 278.03, 604.25, 392.96, 688.44, 379.6, 712.5, 288.72, 653.7, 248.63, 640.33, 224.57, 663.05, 211.21, 704.48, 236.6, 756.6, 275.35, 771.3, 308.77, 764.62, 335.49, 763.28, 364.9, 800.7, 400.98, 842.13, 433.05, 831.44, 459.78, 839.46, 515.91, 839.46, 564.02, 835.45, 602.78, 791.35, 614.81, 791.35, 606.79, 811.39, 585.4, 800.7, 501.21, 732.54, 537.29, 679.09, 509.23, 610.93, 517.25, 544.11, 506.56, 508.03, 493.19, 490.65, 510.56, 450.56, 499.87, 402.45, 501.21, 370.37, 501.21, 340.97, 442.41, 324.94, 421.02, 323.6, 419.69, 279.5, 433.05, 268.81, 454.44, 284.84, 487.85, 353.0, 487.85, 339.64, 523.93, 227.38, 502.55, 224.7, 467.8, 155.21, 471.81, 148.53, 450.43, 100.42, 475.82, 6.87, 479.83]], "area": 168691.0, "bbox": [6.87, 153.74, 835.26, 461.07], "iscrowd": 0, "attributes": {"occluded": false}}, {"id": 81, "image_id": 74, "category_id": 1, "segmentation": [[110.17, 284.86, 118.6, 231.73, 154.88, 216.18, 155.53, 166.29, 165.25, 123.52, 181.45, 97.6, 194.41, 63.91, 208.66, 23.74, 230.04, 4.3, 259.2, 53.54, 258.55, 76.87, 309.74, 82.7, 351.86, 122.87, 413.41, 112.51, 429.61, 130.65, 390.09, 173.41, 371.3, 212.94, 335.01, 260.89, 365.46, 277.73, 408.23, 314.67, 466.54, 363.26, 472.38, 390.48, 441.92, 394.36, 237.17, 397.6, 94.62, 395.01, 43.43, 347.71, 1.97, 317.9, 2.61, 250.52]], "area": 94764.0, "bbox": [1.97, 4.3, 470.41, 393.3], "iscrowd": 0, "attributes": {"occluded": false}}, {"id": 82, "image_id": 75, "category_id": 1, "segmentation": [[1394.44, 1355.56, 1502.78, 1052.78, 1588.89, 725.0, 1594.44, 305.56, 1538.89, 33.33, 155.56, 13.89, 197.22, 269.44, 125.0, 525.0, 202.78, 866.67, 291.67, 1269.44, 597.22, 1622.22, 925.0, 1661.11, 1188.89, 1461.11]], "area": 1975292.0, "bbox": [125.0, 13.89, 1469.44, 1647.22], "iscrowd": 0, "attributes": {"occluded": false}}, {"id": 83, "image_id": 76, "category_id": 1, "segmentation": [[204.15, 225.53, 152.31, 115.38, 220.35, 136.98, 263.54, 152.1, 386.65, 100.26, 416.89, 117.54, 495.72, 153.17, 517.32, 153.17, 570.24, 132.66, 599.4, 122.94, 600.48, 143.46, 571.32, 199.61, 547.56, 234.17, 550.8, 265.49, 582.12, 224.45, 659.87, 275.21, 701.99, 315.16, 768.94, 315.16, 885.57, 316.24, 961.17, 342.16, 956.85, 373.48, 844.54, 389.68, 745.18, 363.76, 559.44, 314.08, 439.57, 294.64, 329.42, 288.16, 288.38, 287.08, 288.38, 287.08, 284.06, 309.76, 305.66, 332.44, 388.81, 347.56, 464.41, 372.4, 518.4, 386.44, 448.21, 415.59, 417.97, 439.35, 435.25, 498.75, 450.37, 547.34, 429.85, 550.58, 434.17, 566.78, 440.65, 593.78, 417.97, 616.46, 353.17, 629.42, 304.58, 631.58, 257.06, 603.5, 195.51, 561.38, 157.71, 536.54, 153.39, 508.47, 194.43, 441.51, 196.59, 397.24, 220.35, 321.64]], "area": 158883.0, "bbox": [152.31, 100.26, 808.86, 531.32], "iscrowd": 0, "attributes": {"occluded": false}}, {"id": 84, "image_id": 77, "category_id": 1, "segmentation": [[15.8, 663.24, 152.33, 515.79, 258.83, 488.48, 389.9, 532.17, 493.67, 573.13, 556.47, 523.98, 567.4, 452.98, 632.93, 308.26, 668.43, 264.57, 799.5, 117.11, 824.08, 106.19, 837.73, 204.49, 955.15, 218.14, 1015.23, 302.79, 1080.76, 365.6, 1181.8, 422.94, 1124.45, 480.29, 1037.07, 551.29, 938.77, 641.4, 851.39, 696.01, 750.35, 747.89, 777.66, 780.66, 1179.07, 665.97, 1031.61, 600.44, 1217.29, 474.83, 1383.87, 510.33, 1367.48, 791.58, 946.96, 1012.77, 15.8, 1012.77]], "area": 729322.0, "bbox": [15.8, 106.19, 1368.07, 906.58], "iscrowd": 0, "attributes": {"occluded": false}}, {"id": 85, "image_id": 78, "category_id": 1, "segmentation": [[216.37, 353.09, 173.61, 292.18, 180.09, 204.06, 141.21, 46.09, 141.21, 26.65, 158.06, 14.99, 200.82, 24.06, 247.47, 75.77, 279.87, 100.39, 334.3, 102.98, 378.36, 96.5, 448.34, 126.31, 518.32, 44.79, 567.56, 14.99, 576.63, 80.95, 563.67, 170.37, 540.35, 211.84, 540.35, 312.92, 825.44, 266.26, 958.92, 290.89, 1132.57, 358.27, 1197.37, 418.01, 1150.71, 649.98, 1070.37, 706.87, 172.31, 708.16, 198.23, 614.99, 182.68, 423.2, 182.68, 395.98]], "area": 483012.0, "bbox": [141.21, 14.99, 1056.16, 693.17], "iscrowd": 0, "attributes": {"occluded": false}}, {"id": 86, "image_id": 79, "category_id": 1, "segmentation": [[355.91, 956.33, 648.8, 774.27, 898.15, 754.48, 993.14, 497.21, 989.19, 247.86, 1044.6, 144.95, 1135.63, 212.23, 1242.5, 402.22, 1543.3, 461.59, 1780.78, 338.89, 1848.07, 362.64, 1681.83, 691.15, 1760.99, 845.51, 1535.39, 960.29, 1365.19, 1075.07, 1230.62, 1082.99, 1068.34, 1027.58, 1092.09, 1162.15, 965.44, 1249.22, 866.49, 1241.31, 724.0, 1003.83, 391.53, 1035.49]], "area": 693900.0, "bbox": [355.91, 144.95, 1492.16, 1104.27], "iscrowd": 0, "attributes": {"occluded": false}}, {"id": 87, "image_id": 80, "category_id": 1, "segmentation": [[374.47, 539.96, 402.98, 469.98, 380.95, 337.8, 391.32, 228.94, 471.66, 249.68, 531.27, 335.21, 690.67, 307.99, 755.46, 197.84, 795.64, 169.33, 822.85, 250.97, 848.77, 436.29, 873.39, 481.64, 883.76, 608.64, 892.83, 678.62, 929.11, 791.36, 929.11, 791.36, 929.11, 791.36, 5.14, 791.36, 146.39, 631.97, 226.74, 569.76, 382.25, 577.54]], "area": 313034.0, "bbox": [5.14, 169.33, 923.97, 622.03], "iscrowd": 0, "attributes": {"occluded": false}}, {"id": 88, "image_id": 81, "category_id": 1, "segmentation": [[761.6, 44.43, 909.42, 88.27, 1008.38, 79.5, 1045.96, 115.83, 1059.74, 214.79, 1048.47, 322.53, 1014.64, 401.45, 982.07, 469.09, 916.93, 556.78, 856.8, 595.62, 9.98, 590.6, 16.24, 9.35, 656.37, 20.63]], "area": 560813.0, "bbox": [9.98, 9.35, 1049.76, 586.27], "iscrowd": 0, "attributes": {"occluded": false}}, {"id": 89, "image_id": 82, "category_id": 1, "segmentation": [[875.0, 1185.0, 825.0, 605.0, 935.0, 185.0, 1105.0, 0.0, 1275.0, 175.0, 1505.0, 595.0, 1765.0, 795.0, 1735.0, 985.0, 2055.0, 895.0, 2305.0, 955.0, 2535.0, 655.0, 2705.0, 545.0, 3045.0, 205.0, 3205.0, 345.0, 3295.0, 705.0, 3195.0, 995.0, 3145.0, 1355.0, 2795.0, 1555.0, 2795.0, 1715.0, 2765.0, 2025.0, 2525.0, 2195.0, 2455.0, 2315.0, 2975.0, 2485.0, 3045.0, 2755.0, 1245.0, 2755.0, 1515.0, 2405.0, 1365.0, 2065.0, 1185.0, 1815.0, 1185.0, 1575.0]], "area": 4007040.0, "bbox": [825.0, 0.0, 2470.0, 2755.0], "iscrowd": 0, "attributes": {"occluded": false}}, {"id": 90, "image_id": 83, "category_id": 1, "segmentation": [[800.0, 351.64, 690.61, 390.34, 742.21, 431.61, 703.51, 462.57, 564.21, 478.05, 442.96, 533.0, 236.59, 501.27, 192.74, 413.56, 138.56, 398.08, 19.9, 387.76, 7.0, 256.2, 223.69, 145.27, 19.9, 39.5, 445.54, 54.98, 548.73, 8.55, 791.22, 13.71]], "area": 310603.0, "bbox": [7.0, 8.55, 793.0, 524.45], "iscrowd": 0, "attributes": {"occluded": false}}, {"id": 91, "image_id": 84, "category_id": 1, "segmentation": [[348.61, 747.22, 341.67, 677.78, 361.11, 638.89, 387.5, 569.44, 430.56, 552.78, 454.17, 487.5, 459.72, 465.28, 447.22, 420.83, 451.39, 354.17, 436.11, 291.67, 437.5, 254.17, 473.61, 259.72, 502.78, 284.72, 568.06, 288.89, 602.78, 284.72, 634.72, 266.67, 666.67, 258.33, 688.89, 304.17, 675.0, 344.44, 675.0, 361.11, 711.11, 411.11, 704.17, 454.17, 704.17, 454.17, 693.06, 476.39, 715.28, 520.83, 715.28, 556.94, 727.78, 556.94, 745.83, 526.39, 791.67, 494.44, 838.89, 475.0, 861.11, 462.5, 955.56, 519.44, 1036.11, 531.94, 1093.06, 502.78, 1126.39, 522.22, 1116.67, 583.33, 1104.17, 630.56, 1080.56, 729.17, 1111.11, 790.28, 1102.78, 843.06, 1080.56, 869.44, 1056.94, 898.61, 381.94, 891.67, 376.39, 866.67, 383.33, 840.28]], "area": 338419.0, "bbox": [341.67, 254.17, 784.72, 644.44], "iscrowd": 0, "attributes": {"occluded": false}}, {"id": 92, "image_id": 85, "category_id": 1, "segmentation": [[580.52, 1171.66, 607.73, 941.86, 716.59, 757.41, 737.75, 603.2, 834.51, 551.79, 913.13, 512.48, 982.68, 506.44, 1058.27, 452.01, 958.49, 367.34, 919.18, 243.37, 894.99, 98.23, 1025.01, 143.59, 1145.96, 222.2, 1239.7, 252.44, 1366.7, 261.51, 1529.98, 264.54, 1608.6, 261.51, 1738.62, 185.92, 1835.38, 155.68, 1910.97, 104.28, 1935.16, 246.39, 1910.97, 300.82, 1826.31, 421.77, 1768.86, 467.13, 1820.26, 684.84, 1805.14, 760.43, 1856.54, 887.43, 1838.4, 1002.33, 1935.16, 1229.11, 1950.28, 1380.3, 1865.6, 1461.9, 774.0, 1486.1]], "area": 1413711.0, "bbox": [580.52, 98.23, 1369.76, 1387.87], "iscrowd": 0, "attributes": {"occluded": false}}, {"id": 93, "image_id": 86, "category_id": 1, "segmentation": [[644.86, 585.25, 810.09, 267.75, 997.99, 118.73, 1234.49, 89.57, 1451.56, 206.2, 1613.54, 329.31, 1713.97, 452.42, 1769.05, 624.13, 1785.25, 805.55, 1837.08, 1009.65, 1811.17, 1145.72, 1794.97, 1210.52, 1749.61, 1320.67, 1746.37, 1375.75, 1746.37, 1469.7, 1675.1, 1712.68, 1675.1, 1783.95, 1675.1, 1855.23, 1730.17, 1968.62, 1655.66, 1994.54, 1590.86, 1994.54, 1564.95, 1894.1, 1535.79, 1764.51, 1535.79, 1664.08, 1503.39, 1528.01, 1464.51, 1725.64, 1477.47, 1858.47, 1461.27, 1958.9, 1341.4, 1971.86, 1305.77, 1932.98, 1302.53, 1881.14, 1341.4, 1845.51, 1344.64, 1770.99, 1338.16, 1651.12, 1292.81, 1547.45, 1260.41, 1408.14, 1260.41, 1362.79, 1234.49, 1236.44, 1218.29, 1145.72, 1176.18, 1038.81, 1176.18, 944.86, 1189.14, 857.39, 1224.77, 779.63, 1189.14, 598.21, 1221.53, 546.37, 1250.69, 559.33, 1279.85, 442.7, 1341.4, 381.14, 1270.13, 274.23, 1134.06, 261.27, 985.03, 270.99, 907.28, 368.19, 829.52, 478.34, 742.05, 601.45, 644.86, 643.56]], "area": 923298.0, "bbox": [644.86, 89.57, 1192.22, 1904.97], "iscrowd": 0, "attributes": {"occluded": false}}, {"id": 94, "image_id": 87, "category_id": 1, "segmentation": [[528.25, 457.58, 830.14, 498.74, 926.2, 457.58, 936.49, 412.98, 977.66, 395.83, 1066.86, 282.62, 1118.32, 323.78, 1094.3, 491.88, 1176.64, 570.79, 1317.29, 560.5, 1409.92, 594.8, 1307.0, 694.29, 1186.93, 752.61, 984.52, 776.63, 754.67, 797.21, 668.9, 807.5, 631.17, 862.39, 576.28, 889.84, 483.65, 882.97, 463.07, 862.39, 469.93, 821.22, 445.91, 800.64, 0.0, 934.43, 0.0, 793.78, 226.35, 711.44, 27.38, 656.55, 253.8, 491.88]], "area": 419045.0, "bbox": [0.0, 282.62, 1409.92, 651.81], "iscrowd": 0, "attributes": {"occluded": false}}, {"id": 95, "image_id": 88, "category_id": 1, "segmentation": [[233.08, 914.5, 250.4, 672.09, 218.92, 535.15, 245.68, 461.17, 218.92, 387.19, 218.92, 355.7, 288.18, 237.65, 267.71, 113.3, 336.97, 198.3, 459.75, 198.3, 569.94, 100.7, 628.18, 188.85, 620.31, 338.39, 614.01, 398.2, 604.56, 491.07, 661.23, 659.5, 650.21, 889.31, 598.27, 867.28, 587.25, 923.94, 453.45, 894.04, 398.36, 923.94, 357.44, 969.59, 296.05, 969.59]], "area": 295647.0, "bbox": [218.92, 100.7, 442.31, 868.89], "iscrowd": 0, "attributes": {"occluded": false}}, {"id": 96, "image_id": 89, "category_id": 1, "segmentation": [[6.62, 867.53, 630.69, 578.65, 862.23, 576.44, 1190.81, 580.85, 1248.14, 530.13, 1274.6, 406.64, 1232.7, 307.41, 1248.14, 130.99, 1263.58, 95.71, 1340.76, 108.94, 1475.27, 285.36, 1561.28, 261.1, 1647.28, 289.77, 1753.13, 190.53, 1885.44, 126.58, 1885.44, 252.28, 1856.77, 358.13, 1856.77, 395.62, 1819.28, 455.16, 1819.28, 534.54, 1819.28, 618.34, 1777.38, 673.47, 1742.1, 737.42, 1709.02, 757.27, 1704.61, 832.24, 1704.61, 911.63, 1671.54, 971.17, 1631.84, 1017.48, 1545.84, 1030.71, 871.05, 1092.45, 771.82, 1134.35, 608.64, 1138.76, 577.77, 1072.61, 33.08, 1114.51, 13.24, 1063.79, 17.65, 1037.33, 2.21, 1037.33]], "area": 996850.0, "bbox": [2.21, 95.71, 1883.23, 1043.05], "iscrowd": 0, "attributes": {"occluded": false}}, {"id": 97, "image_id": 90, "category_id": 1, "segmentation": [[129.55, 3072.27, 575.33, 2248.08, 544.23, 1636.41, 684.19, 1501.64, 580.52, 1340.95, 844.88, 433.82, 855.25, 76.16, 1062.59, 39.87, 1347.69, 330.15, 1783.11, 413.09, 2239.27, 143.54, 2306.65, 288.68, 2156.33, 718.92, 2280.73, 1019.57, 2280.73, 1247.65, 2327.39, 1480.91, 2270.37, 1600.13, 2425.87, 2533.17, 2415.51, 3051.53]], "area": 4895920.0, "bbox": [129.55, 39.87, 2296.32, 3032.4], "iscrowd": 0, "attributes": {"occluded": false}}, {"id": 98, "image_id": 91, "category_id": 1, "segmentation": [[185.63, 295.74, 181.19, 242.52, 219.21, 184.23, 221.74, 143.69, 224.28, 106.3, 229.98, 85.4, 224.91, 39.14, 231.88, 11.9, 293.34, 65.12, 350.99, 68.92, 411.82, 25.21, 424.49, 39.78, 417.52, 84.76, 409.28, 110.11, 406.11, 128.48, 408.01, 142.42, 390.91, 156.36, 394.08, 169.03, 419.42, 178.53, 435.26, 210.84, 433.36, 242.52, 428.92, 267.23, 403.58, 291.94]], "area": 51040.0, "bbox": [181.19, 11.9, 254.07, 283.84], "iscrowd": 0, "attributes": {"occluded": false}}, {"id": 99, "image_id": 91, "category_id": 1, "segmentation": [[43.07, 288.14, 57.65, 275.47, 37.37, 253.29, 45.61, 214.01, 49.41, 204.51, 32.3, 176.63, 32.3, 155.09, 38.64, 136.08, 38.64, 121.51, 22.8, 63.22, 61.45, 96.8, 106.43, 98.7, 140.64, 56.88, 155.85, 96.8, 159.02, 127.85, 217.31, 147.49, 175.49, 239.36, 174.22, 298.91]], "area": 29570.0, "bbox": [22.8, 56.88, 194.51, 242.03], "iscrowd": 0, "attributes": {"occluded": false}}, {"id": 100, "image_id": 91, "category_id": 1, "segmentation": [[441.59, 179.17, 450.46, 133.55, 442.86, 66.39, 491.01, 110.74, 542.97, 122.14, 588.59, 89.83, 587.32, 136.72, 576.55, 165.86, 575.91, 210.21, 558.81, 238.09, 561.34, 262.16, 558.81, 293.84, 483.41, 294.48, 472.01, 280.54, 430.19, 278.64, 460.6, 224.78, 460.6, 204.51]], "area": 23150.0, "bbox": [430.19, 66.39, 158.4, 228.09], "iscrowd": 0, "attributes": {"occluded": false}}, {"id": 101, "image_id": 92, "category_id": 1, "segmentation": [[310.49, 235.46, 294.96, 166.72, 243.96, 49.93, 359.27, 72.1, 429.49, 50.67, 514.5, 65.45, 581.76, 41.06, 610.59, 46.23, 609.85, 78.01, 599.5, 120.89, 583.24, 175.59, 559.59, 233.98, 515.98, 287.2, 480.5, 315.29, 436.15, 323.42, 391.8, 321.2, 346.71, 287.2]], "area": 69517.0, "bbox": [243.96, 41.06, 366.63, 282.36], "iscrowd": 0, "attributes": {"occluded": false}}, {"id": 102, "image_id": 92, "category_id": 1, "segmentation": [[20.73, 201.46, 22.21, 121.63, 68.78, 72.84, 139.0, 53.62, 145.65, 6.31, 177.43, 6.31, 210.7, 75.8, 241.0, 108.32, 260.96, 141.58, 296.44, 193.33, 328.23, 273.16, 313.44, 322.68, 304.57, 372.95, 253.57, 383.29, 227.7, 352.25, 183.35, 279.07, 112.39, 316.77, 41.43, 269.46, 2.25, 252.46]], "area": 68629.0, "bbox": [2.25, 6.31, 325.98, 376.98], "iscrowd": 0, "attributes": {"occluded": false}}, {"id": 103, "image_id": 93, "category_id": 1, "segmentation": [[482.78, 715.55, 335.79, 530.55, 315.51, 434.24, 314.24, 335.41, 354.79, 296.12, 383.94, 283.45, 372.53, 193.48, 383.94, 142.8, 438.43, 170.68, 503.05, 232.77, 506.85, 242.9, 601.89, 249.24, 656.38, 242.9, 693.13, 201.09, 764.09, 128.86, 791.96, 128.86, 804.64, 166.87, 804.64, 208.69, 800.83, 293.59, 800.83, 293.59, 783.09, 320.2, 789.43, 377.22, 942.76, 448.18, 946.56, 539.42, 903.47, 579.97, 850.25, 545.76, 841.38, 492.53, 771.69, 503.94, 712.13, 515.34, 696.93, 567.3, 667.78, 574.9, 663.98, 611.65, 601.89, 607.85, 563.88, 595.17, 533.46, 572.37, 503.05, 547.02, 487.85, 552.09, 503.05, 581.24, 525.86, 612.91, 563.88, 634.46, 598.09, 676.27, 551.2, 714.29]], "area": 203728.0, "bbox": [314.24, 128.86, 632.32, 586.69], "iscrowd": 0, "attributes": {"occluded": false}}, {"id": 104, "image_id": 94, "category_id": 1, "segmentation": [[816.01, 455.22, 788.29, 396.45, 797.16, 342.12, 755.03, 380.93, 721.76, 375.39, 688.5, 348.78, 670.76, 393.13, 671.87, 425.28, 650.8, 464.09, 635.28, 499.57, 598.69, 542.81, 835.97, 545.03, 811.57, 516.2, 828.2, 484.04]], "area": 28292.0, "bbox": [598.69, 342.12, 237.28, 202.91], "iscrowd": 0, "attributes": {"occluded": false}}, {"id": 105, "image_id": 94, "category_id": 1, "segmentation": [[477.83, 448.56, 506.66, 368.73, 496.68, 316.62, 505.55, 305.53, 513.32, 241.22, 543.25, 280.03, 590.93, 276.71, 628.63, 246.77, 635.28, 260.07, 634.17, 325.49, 634.17, 353.21, 626.41, 375.39, 636.39, 431.93, 637.5, 465.2]], "area": 25709.0, "bbox": [477.83, 241.22, 159.67, 223.98], "iscrowd": 0, "attributes": {"occluded": false}}, {"id": 106, "image_id": 94, "category_id": 1, "segmentation": [[117.49, 542.81, 135.23, 437.48, 111.94, 390.91, 119.7, 332.14, 105.29, 308.86, 106.4, 234.57, 75.35, 265.62, 27.68, 267.84, 4.39, 254.53, 4.39, 548.35, 48.74, 537.27]], "area": 32292.0, "bbox": [4.39, 234.57, 130.84, 313.78], "iscrowd": 0, "attributes": {"occluded": false}}, {"id": 107, "image_id": 94, "category_id": 1, "segmentation": [[151.86, 541.7, 181.8, 485.15, 174.03, 396.45, 186.23, 344.34, 229.47, 386.47, 273.82, 383.15, 319.28, 341.01, 317.06, 407.54, 328.15, 465.2, 327.04, 484.04, 360.31, 499.57, 364.74, 545.03]], "area": 27745.0, "bbox": [151.86, 341.01, 212.88, 204.02], "iscrowd": 0, "attributes": {"occluded": false}}, {"id": 108, "image_id": 95, "category_id": 1, "segmentation": [[205.73, 475.0, 168.23, 396.88, 186.98, 332.29, 184.9, 263.54, 272.4, 145.83, 210.94, 154.17, 181.77, 139.58, 197.4, 95.83, 355.73, 31.25, 396.35, 7.29, 480.73, 21.88, 578.65, 34.38, 636.98, 12.5, 732.81, 57.29, 780.73, 65.63, 789.06, 117.71, 799.48, 182.29, 830.73, 225.0, 830.73, 285.42, 836.98, 304.17, 829.69, 442.71, 855.73, 507.29, 831.77, 537.5, 846.35, 606.25, 112.6, 578.75, 171.35, 496.25]], "area": 351921.0, "bbox": [112.6, 7.29, 743.13, 598.96], "iscrowd": 0, "attributes": {"occluded": false}}, {"id": 109, "image_id": 96, "category_id": 1, "segmentation": [[149.95, 48.77, 205.78, 104.6, 233.46, 107.37, 250.07, 98.14, 261.61, 92.6, 261.61, 75.07, 272.68, 64.46, 281.45, 56.62, 289.29, 36.31, 304.06, 60.77, 318.82, 73.23, 336.35, 74.61, 336.81, 107.83, 328.51, 112.44, 318.36, 125.36, 309.13, 138.74, 284.22, 191.8, 267.61, 214.87, 264.38, 241.17, 247.77, 243.48, 248.23, 219.48, 257.46, 185.8, 229.31, 167.81, 216.85, 142.89, 212.24, 129.98, 186.86, 124.9, 154.11, 81.07, 132.42, 64.92, 135.65, 54.77]], "area": 13700.0, "bbox": [132.42, 36.31, 204.39, 207.17], "iscrowd": 0, "attributes": {"occluded": false}}, {"id": 110, "image_id": 97, "category_id": 1, "segmentation": [[242.81, 26.58, 258.3, 139.19, 245.91, 218.74, 244.87, 318.95, 202.52, 395.4, 184.95, 569.99, 846.14, 580.0, 757.29, 532.8, 604.39, 411.92, 547.57, 437.75, 554.8, 359.24, 575.46, 293.12, 566.17, 257.99, 581.66, 196.01, 559.97, 186.71, 611.62, 50.34, 594.06, 29.68, 503.15, 84.43, 485.58, 104.06, 392.61, 89.6, 353.35, 94.76, 277.93, 3.85, 250.04, 11.08]], "area": 197890.0, "bbox": [184.95, 3.85, 661.19, 576.15], "iscrowd": 0, "attributes": {"occluded": false}}]}